"","WP_ID","Proteina","Especie","Cepa"
"1","WP_055501097.1","thiopeptide maturation pyridine synthase","Nonomuraea pusilla",NA
"2","WP_189242798.1","thiopeptide maturation pyridine synthase","Planobispora rosea",NA
"3","WP_195903309.1","thiopeptide maturation pyridine synthase","Nonomuraea cypriaca",NA
"4","PZG20519.1","hypothetical protein C1J01_09250","Nonomuraea aridisoli",NA
"5","WP_266040205.1","thiopeptide maturation pyridine synthase","Lentzea sp.","NEAU-D7"
"6","WP_184670791.1","thiopeptide maturation pyridine synthase","Saccharothrix violaceirubra",NA
"7","XWG33488.1","thiopeptide maturation pyridine synthase","Lentzea sp.","CA-247081"
"8","WP_395912251.1","thiopeptide maturation pyridine synthase","Dactylosporangium sp.","NPDC051541"
"9","XWJ21454.1","thiopeptide maturation pyridine synthase","Actinosynnema sp.","CA-253339"
"10","MGH4023795.1","thiopeptide maturation pyridine synthase","Pseudonocardiaceae bacterium",NA
"11","WP_237105961.1","thiopeptide maturation pyridine synthase","Nonomuraea sp.","MG754425"
"12","XWB55657.1","thiopeptide maturation pyridine synthase","Actinophytocola sp.","CA-135451"
"13","WP_327557414.1","thiopeptide maturation pyridine synthase","Actinophytocola sp.",NA
"14","WP_433125502.1","thiopeptide maturation pyridine synthase","Micromonospora sp.","CA-240977"
"15","WP_204011152.1","thiopeptide maturation pyridine synthase","Virgisporangium aurantiacum",NA
"16","WP_378093357.1","thiopeptide maturation pyridine synthase","Actinosynnema sp.","NPDC059335"
"17","XWH75099.1","thiopeptide maturation pyridine synthase","Actinoplanes sp.","CA-252598"
"18","MHS3294974.1","thiopeptide maturation pyridine synthase","Natronosporangium sp.",NA
"19","WP_145817300.1","thiopeptide maturation pyridine synthase","Micromonospora sagamiensis",NA
"20","WP_211763362.1","thiopeptide maturation pyridine synthase","Kutzneria sp.","CA-103260"
"21","TDD43797.1","hypothetical protein E1288_25815","Saccharopolyspora elongata",NA
"22","WP_089317077.1","thiopeptide maturation pyridine synthase","Actinomadura mexicana",NA
"23","WP_173132718.1","thiopeptide maturation pyridine synthase","Kibdelosporangium persicum",NA
"24","WP_262841274.1","thiopeptide maturation pyridine synthase","Sphaerisporangium corydalis",NA
"25","CAQ5674755.1","Thiopeptide-type bacteriocin biosynthesis domain-containing protein","Actinomadura sp.",NA
"26","WP_379515551.1","thiopeptide maturation pyridine synthase","Nonomuraea insulae",NA
"27","WP_116178935.1","thiopeptide maturation pyridine synthase","Kutzneria buriramensis",NA
"28","WP_170224452.1","thiopeptide maturation pyridine synthase","Actinokineospora cianjurensis",NA
"29","WP_345557473.1","thiopeptide maturation pyridine synthase","Streptomonospora halophila",NA
"30","WP_397082189.1","thiopeptide maturation pyridine synthase","Nonomuraea typhae",NA
"31","WP_052395034.1","thiopeptide maturation pyridine synthase","Kutzneria sp.","744"
"32","WP_093271394.1","thiopeptide maturation pyridine synthase","Saccharopolyspora shandongensis",NA
"33","WP_360581786.1","thiopeptide maturation pyridine synthase","Actinomadura sp.","NPDC048021"
"34","WP_364924860.1","thiopeptide maturation pyridine synthase","Nonomuraea sp.","NPDC049421"
"35","WP_362810790.1","thiopeptide maturation pyridine synthase","Streptosporangium sp.","NPDC023615"
"36","WP_214326884.1","lantibiotic dehydratase C-terminal domain-containing protein","Nonomuraea sediminis",NA
"37","WP_362706363.1","thiopeptide maturation pyridine synthase","Streptomyces sp.","NPDC048483"
"38","WP_327287164.1","thiopeptide maturation pyridine synthase","Streptomyces sp.","NBC_01198"
"39","WP_336650326.1","lantibiotic dehydratase C-terminal domain-containing protein","Kocuria rosea",NA
"40","WP_142159117.1","lantibiotic dehydratase C-terminal domain-containing protein","Cellulomonas sp.","SLBN-39"
"41","WP_407319147.1","lantibiotic dehydratase C-terminal domain-containing protein","Isoptericola halotolerans",NA
"42","WP_157320809.1","lantibiotic dehydratase C-terminal domain-containing protein","Nesterenkonia alkaliphila",NA
"43","WP_058858331.1","lantibiotic dehydratase C-terminal domain-containing protein","Kocuria flava",NA
"44","WP_267173668.1","lantibiotic dehydratase C-terminal domain-containing protein","Corynebacterium marambiense",NA
"45","WP_110565432.1","lantibiotic dehydratase C-terminal domain-containing protein","Micromonospora arborensis",NA
"46","WP_278131141.1","MULTISPECIES: lantibiotic dehydratase C-terminal domain-containing protein","Micromonospora",NA
"47","WP_329061020.1","lantibiotic dehydratase C-terminal domain-containing protein","Amycolatopsis sp.","NBC_01480"
"48","WP_240109677.1","lantibiotic dehydratase C-terminal domain-containing protein","Streptomyces sp.","MUM 203J"
"49","WP_393140656.1","lantibiotic dehydratase C-terminal domain-containing protein","Nonomuraea sp.","NPDC047897"
"50","WP_356302456.1","lantibiotic dehydratase C-terminal domain-containing protein","Streptomyces sp.","NPDC005438"
"51","WP_381672452.1","thiopeptide-type bacteriocin biosynthesis protein","Streptomyces laurentii",NA
"52","WP_110669044.1","thiopeptide-type bacteriocin biosynthesis protein","Streptomyces tateyamensis",NA
"53","WP_186831849.1","lantibiotic dehydratase C-terminal domain-containing protein","Streptomyces sp.","ISID311"
"54","WP_191896693.1","lantibiotic dehydratase C-terminal domain-containing protein","Planomonospora parontospora",NA
"55","WP_059424809.1","lantibiotic dehydratase C-terminal domain-containing protein","Streptomyces azureus",NA
"56","MBN0043327.1","hypothetical protein","Streptomyces actuosus",NA
"57","WP_323448729.1","lantibiotic dehydratase C-terminal domain-containing protein","Streptomyces yaizuensis",NA
"58","WP_237877082.1","MULTISPECIES: lantibiotic dehydratase C-terminal domain-containing protein","Streptomyces",NA
"59","WP_007074886.1","lantibiotic dehydratase C-terminal domain-containing protein","Micromonospora sp.","ATCC 39149"
"60","WP_093941962.1","lantibiotic dehydratase C-terminal domain-containing protein","Actinoalloteichus hoggarensis",NA
"61","WP_387570032.1","lantibiotic dehydratase C-terminal domain-containing protein","Nonomuraea jabiensis",NA
"62","WP_357725607.1","lantibiotic dehydratase C-terminal domain-containing protein","Nonomuraea angiospora",NA
"63","WP_364068677.1","lantibiotic dehydratase C-terminal domain-containing protein","Nonomuraea sp.","NPDC052634"
"64","WP_393202631.1","lantibiotic dehydratase C-terminal domain-containing protein","Nonomuraea sp.","NPDC049309"
"65","WP_013130812.1","thiopeptide maturation pyridine synthase","Thermobispora bispora",NA
"66","WP_346261533.1","thiopeptide maturation pyridine synthase","Plantactinospora sp.","ZYX-F-223"
"67","WP_120689006.1","thiopeptide maturation pyridine synthase","Micromonospora musae",NA
"68","WP_363786467.1","thiopeptide maturation pyridine synthase","Micromonospora avicenniae",NA
"69","WP_165977801.1","thiopeptide maturation pyridine synthase","Nonomuraea diastatica",NA
"70","WP_091094846.1","thiopeptide maturation pyridine synthase","Micromonospora citrea",NA
"71","WP_357869289.1","thiopeptide maturation pyridine synthase","Micromonospora sp.","NPDC023633"
"72","MHO6844989.1","thiopeptide maturation pyridine synthase","Actinomycetota bacterium SID9673",NA
"73","WP_138048765.1","thiopeptide maturation pyridine synthase","Streptomyces montanus",NA
"74","WP_156214266.1","MULTISPECIES: thiopeptide maturation pyridine synthase","Actinomadura",NA
"75","WP_357929849.1","thiopeptide maturation pyridine synthase","Nonomuraea sp.","NPDC050310"
"76","MHH6667889.1","thiopeptide maturation pyridine synthase","Planosporangium sp.",NA
"77","WP_055471433.1","thiopeptide maturation pyridine synthase","Streptomyces pathocidini",NA
"78","WP_258790275.1","lantibiotic dehydratase C-terminal domain-containing protein","Streptomyces pyxinae",NA
