Unnamed: 0,WP_ID,Proteina,Especie,Cepa,accession,n_genome_records,organisms_all,protein_name,protein_is_hypothetical,protein_db,organism,strain,assembly,nuccore,biosample,scientific_name,phylum,class,order,family,genus,full_lineage,collection_date,env_local_scale,env_medium,env_broad_scale,host,geo_loc_name,lat_lon,isolation_source,biosample_title,neighborhood_fasta
1,WP_055501097.1,thiopeptide maturation pyridine synthase,Nonomuraea pusilla,,WP_055501097.1,2,Nonomuraea pusilla,thiopeptide maturation pyridine synthase,False,RefSeq,Nonomuraea pusilla,DSM 43357,GCF_900109355.1,NZ_FOBF01000008.1,SAMN05660976,Nonomuraea pusilla,Actinomycetota,Actinomycetes,Streptosporangiales,Streptosporangiaceae,Nonomuraea,cellular organisms; Bacteria; Bacillati; Actinomycetota; Actinomycetes; Streptosporangiales; Streptosporangiaceae; Nonomuraea,missing,missing,missing,missing,not applicable,Japan,missing,missing,Nonomuraea pusilla DSM 43357,resultados/cicloadicion/neighborhoods/WP_055501097_1.fasta
2,WP_189242798.1,thiopeptide maturation pyridine synthase,Planobispora rosea,,WP_189242798.1,3,Planobispora rosea,thiopeptide maturation pyridine synthase,False,RefSeq,Planobispora rosea,JCM 3166,GCA_014648175.1,BMQP01000022.1,SAMD00245326,Planobispora rosea,Actinomycetota,Actinomycetes,Streptosporangiales,Streptosporangiaceae,Planobispora,cellular organisms; Bacteria; Bacillati; Actinomycetota; Actinomycetes; Streptosporangiales; Streptosporangiaceae; Planobispora,missing,not applicable,not applicable,not applicable,,not applicable,not applicable,,Strain JCM 3166 of Planobispora rosea,resultados/cicloadicion/neighborhoods/WP_189242798_1.fasta
3,WP_195903309.1,thiopeptide maturation pyridine synthase,Nonomuraea cypriaca,,WP_195903309.1,2,Nonomuraea cypriaca,thiopeptide maturation pyridine synthase,False,RefSeq,Nonomuraea cypriaca,K274,GCF_015645445.1,NZ_JADOGI010000432.1,SAMN16686690,Nonomuraea cypriaca,Actinomycetota,Actinomycetes,Streptosporangiales,Streptosporangiaceae,Nonomuraea,cellular organisms; Bacteria; Bacillati; Actinomycetota; Actinomycetes; Streptosporangiales; Streptosporangiaceae; Nonomuraea,2011-08,,,,,Cyprus: Zafer Cape,,soil,Microbe sample from Nonomuraea cypriaca,resultados/cicloadicion/neighborhoods/WP_195903309_1.fasta
4,PZG20519.1,hypothetical protein C1J01_09250,Nonomuraea aridisoli,,PZG20519.1,2,Nonomuraea aridisoli,hypothetical protein,True,GenBank/INSDC,Nonomuraea aridisoli,KC333,GCA_003236395.1,POUD01000025.1,SAMN08329201,Nonomuraea aridisoli,Actinomycetota,Actinomycetes,Streptosporangiales,Streptosporangiaceae,Nonomuraea,cellular organisms; Bacteria; Bacillati; Actinomycetota; Actinomycetes; Streptosporangiales; Streptosporangiaceae; Nonomuraea,2014-07-06,,,,,Turkmenistan:Karakum,,desert soil,Microbe sample from Nonomuraea aridisoli,resultados/cicloadicion/neighborhoods/PZG20519_1.fasta
5,WP_266040205.1,thiopeptide maturation pyridine synthase,Lentzea sp.,NEAU-D7,WP_266040205.1,2,Lentzea sp. NEAU-D7,thiopeptide maturation pyridine synthase,False,RefSeq,Lentzea sp. NEAU-D7,NEAU-D7,GCF_026242055.1,NZ_JAPJDL010000012.1,SAMN31690296,Lentzea sp. NEAU-D7,Actinomycetota,Actinomycetes,Pseudonocardiales,Pseudonocardiaceae,Lentzea,cellular organisms; Bacteria; Bacillati; Actinomycetota; Actinomycetes; Pseudonocardiales; Pseudonocardiaceae; Lentzea; unclassified Lentzea,2021-10-05,,,,,China: Malianzhuang,,soil,Microbe sample from Lentzea sp. NEAU-D7,resultados/cicloadicion/neighborhoods/WP_266040205_1.fasta
6,WP_184670791.1,thiopeptide maturation pyridine synthase,Saccharothrix violaceirubra,,WP_184670791.1,3,Saccharothrix violaceirubra,thiopeptide maturation pyridine synthase,False,RefSeq,Saccharothrix violaceirubra,JCM 16955,GCF_039537345.1,NZ_BAABAI010000022.1,SAMD00645567,Saccharothrix violaceirubra,Actinomycetota,Actinomycetes,Pseudonocardiales,Pseudonocardiaceae,Saccharothrix,cellular organisms; Bacteria; Bacillati; Actinomycetota; Actinomycetes; Pseudonocardiales; Pseudonocardiaceae; Saccharothrix,2007-02-02,,,,,Japan,,soil,Saccharothrix violaceirubra strain JCM 16955 genome sample,resultados/cicloadicion/neighborhoods/WP_184670791_1.fasta
7,XWG33488.1,thiopeptide maturation pyridine synthase,Lentzea sp.,CA-247081,XWG33488.1,1,Lentzea sp. CA-247081,thiopeptide maturation pyridine synthase,False,GenBank/INSDC,Lentzea sp. CA-247081,CA-247081,,CP191905.1,,,,,,,,,,,,,,,,,,resultados/cicloadicion/neighborhoods/XWG33488_1.fasta
8,WP_395912251.1,thiopeptide maturation pyridine synthase,Dactylosporangium sp.,NPDC051541,WP_395912251.1,2,Dactylosporangium sp. NPDC051541,thiopeptide maturation pyridine synthase,False,RefSeq,Dactylosporangium sp. NPDC051541,NPDC051541,GCF_044454505.1,NZ_JBITDU010000010.1,SAMN43996562,Dactylosporangium sp. NPDC051541,Actinomycetota,Actinomycetes,Micromonosporales,Micromonosporaceae,Dactylosporangium,cellular organisms; Bacteria; Bacillati; Actinomycetota; Actinomycetes; Micromonosporales; Micromonosporaceae; Dactylosporangium; unclassified Dactylosporangium,not applicable,not applicable,not applicable,not applicable,,not applicable,not applicable,,MIGS Cultured Bacterial/Archaeal sample from Dactylosporangium sp. NPDC051541,resultados/cicloadicion/neighborhoods/WP_395912251_1.fasta
9,XWJ21454.1,thiopeptide maturation pyridine synthase,Actinosynnema sp.,CA-253339,XWJ21454.1,1,Actinosynnema sp. CA-253339,thiopeptide maturation pyridine synthase,False,GenBank/INSDC,Actinosynnema sp. CA-253339,CA-253339,,CP191838.1,,,,,,,,,,,,,,,,,,resultados/cicloadicion/neighborhoods/XWJ21454_1.fasta
10,MGH4023795.1,thiopeptide maturation pyridine synthase,Pseudonocardiaceae bacterium,,MGH4023795.1,1,Pseudonocardiaceae bacterium,thiopeptide maturation pyridine synthase,False,GenBank/INSDC,Pseudonocardiaceae bacterium,,GCA_050700215.1,JBOHGQ010000148.1,SAMN48692331,Pseudonocardiaceae bacterium,Actinomycetota,Actinomycetes,Pseudonocardiales,Pseudonocardiaceae,,cellular organisms; Bacteria; Bacillati; Actinomycetota; Actinomycetes; Pseudonocardiales; Pseudonocardiaceae; unclassified Pseudonocardiaceae,2021-11,not applicable,Biofilm,"Naturally formed, subterranean open area or chamber [ENVO: 00000067]",,Australia: Victoria,not collected,biofilm from cave,MIMAG Metagenome-assembled Genome sample from Pseudonocardiaceae bacterium,resultados/cicloadicion/neighborhoods/MGH4023795_1.fasta
11,WP_237105961.1,thiopeptide maturation pyridine synthase,Nonomuraea sp.,MG754425,WP_237105961.1,2,Nonomuraea sp. MG754425,thiopeptide maturation pyridine synthase,False,RefSeq,Nonomuraea sp. MG754425,MG754425,GCF_021699195.1,NZ_SSXE01000080.1,SAMN11445395,Nonomuraea sp. MG754425,Actinomycetota,Actinomycetes,Streptosporangiales,Streptosporangiaceae,Nonomuraea,cellular organisms; Bacteria; Bacillati; Actinomycetota; Actinomycetes; Streptosporangiales; Streptosporangiaceae; Nonomuraea; unclassified Nonomuraea,2013-03-13,,,,,"Malaysia: Tioman Island, Pahang",,marine sediment,Microbe sample from Nonomuraea sp. MG754425,resultados/cicloadicion/neighborhoods/WP_237105961_1.fasta
12,XWB55657.1,thiopeptide maturation pyridine synthase,Actinophytocola sp.,CA-135451,XWB55657.1,1,Actinophytocola sp. CA-135451,thiopeptide maturation pyridine synthase,False,GenBank/INSDC,Actinophytocola sp. CA-135451,CA-135451,,CP191925.1,,,,,,,,,,,,,,,,,,resultados/cicloadicion/neighborhoods/XWB55657_1.fasta
13,WP_327557414.1,thiopeptide maturation pyridine synthase,Actinophytocola sp.,,WP_327557414.1,2,Actinophytocola sp.,thiopeptide maturation pyridine synthase,False,RefSeq,Actinophytocola sp.,,GCF_036002505.1,NZ_DASYTH010000046.1,SAMN37958644,Actinophytocola sp.,Actinomycetota,Actinomycetes,Pseudonocardiales,Pseudonocardiaceae,Actinophytocola,cellular organisms; Bacteria; Bacillati; Actinomycetota; Actinomycetes; Pseudonocardiales; Pseudonocardiaceae; Actinophytocola; unclassified Actinophytocola,not collected,Agricultural Land,Agricultural Land,soil biome [ENVO:01001044],,USA,41.1677 N 96.4108 W,soil,MIMAG Metagenome-assembled Genome sample from Actinophytocola sp.,resultados/cicloadicion/neighborhoods/WP_327557414_1.fasta
14,WP_433125502.1,thiopeptide maturation pyridine synthase,Micromonospora sp.,CA-240977,WP_433125502.1,2,Micromonospora sp. CA-240977,thiopeptide maturation pyridine synthase,False,RefSeq,Micromonospora sp. CA-240977,CA-240977,GCF_050942285.1,NZ_CP192055.1,SAMN42902705,Micromonospora sp. CA-240977,Actinomycetota,Actinomycetes,Micromonosporales,Micromonosporaceae,Micromonospora,cellular organisms; Bacteria; Bacillati; Actinomycetota; Actinomycetes; Micromonosporales; Micromonosporaceae; Micromonospora; unclassified Micromonospora,2005-02-22,not applicable,not applicable,not applicable,,Argentina: Santa Cruz,not collected,soil,MDNA_WGS_323,resultados/cicloadicion/neighborhoods/WP_433125502_1.fasta
15,WP_204011152.1,thiopeptide maturation pyridine synthase,Virgisporangium aurantiacum,,WP_204011152.1,3,Virgisporangium aurantiacum,thiopeptide maturation pyridine synthase,False,RefSeq,Virgisporangium aurantiacum,JCM 11002,GCA_039525545.1,BAAAHO010000045.1,SAMD00645066,Virgisporangium aurantiacum,Actinomycetota,Actinomycetes,Micromonosporales,Micromonosporaceae,Virgisporangium,cellular organisms; Bacteria; Bacillati; Actinomycetota; Actinomycetes; Micromonosporales; Micromonosporaceae; Virgisporangium,2003-10-07,,,,,Japan,,Soil of vegetable field,Virgisporangium aurantiacum strain JCM 11002 genome sample,resultados/cicloadicion/neighborhoods/WP_204011152_1.fasta
16,WP_378093357.1,thiopeptide maturation pyridine synthase,Actinosynnema sp.,NPDC059335,WP_378093357.1,2,Actinosynnema sp. NPDC059335,thiopeptide maturation pyridine synthase,False,RefSeq,Actinosynnema sp. NPDC059335,NPDC059335,GCF_042752395.1,NZ_JBHYXZ010000118.1,SAMN43797896,Actinosynnema sp. NPDC059335,Actinomycetota,Actinomycetes,Pseudonocardiales,Pseudonocardiaceae,Actinosynnema,cellular organisms; Bacteria; Bacillati; Actinomycetota; Actinomycetes; Pseudonocardiales; Pseudonocardiaceae; Actinosynnema; unclassified Actinosynnema,2010-01-01,not applicable,not applicable,not applicable,,South Korea,not applicable,,MIGS Cultured Bacterial/Archaeal sample from Actinosynnema sp. NPDC059335,resultados/cicloadicion/neighborhoods/WP_378093357_1.fasta
17,XWH75099.1,thiopeptide maturation pyridine synthase,Actinoplanes sp.,CA-252598,XWH75099.1,1,Actinoplanes sp. CA-252598,thiopeptide maturation pyridine synthase,False,GenBank/INSDC,Actinoplanes sp. CA-252598,CA-252598,,CP191814.1,,,,,,,,,,,,,,,,,,resultados/cicloadicion/neighborhoods/XWH75099_1.fasta
18,MHS3294974.1,thiopeptide maturation pyridine synthase,Natronosporangium sp.,,MHS3294974.1,1,Natronosporangium sp.,thiopeptide maturation pyridine synthase,False,GenBank/INSDC,Natronosporangium sp.,,GCA_057031575.1,JBXLWD010000024.1,SAMN56413366,Natronosporangium sp.,Actinomycetota,Actinomycetes,Micromonosporales,Micromonosporaceae,Natronosporangium,cellular organisms; Bacteria; Bacillati; Actinomycetota; Actinomycetes; Micromonosporales; Micromonosporaceae; Natronosporangium; unclassified Natronosporangium,2022-10-29,marsh [ENVO_00000035],soil [ENVO:00001998],wetland ecosystem [ENVO_01001209],,China,43.291389 N 122.592222 E,soil,MIMAG Metagenome-assembled Genome sample from Natronosporangium sp.,resultados/cicloadicion/neighborhoods/MHS3294974_1.fasta
19,WP_145817300.1,thiopeptide maturation pyridine synthase,Micromonospora sagamiensis,,WP_145817300.1,4,Micromonospora sagamiensis,thiopeptide maturation pyridine synthase,False,RefSeq,Micromonospora sagamiensis,JCM 3310,GCF_014680085.1,NZ_AP023438.1,SAMD00245352,Micromonospora sagamiensis,Actinomycetota,Actinomycetes,Micromonosporales,Micromonosporaceae,Micromonospora,cellular organisms; Bacteria; Bacillati; Actinomycetota; Actinomycetes; Micromonosporales; Micromonosporaceae; Micromonospora,missing,not applicable,not applicable,not applicable,,not applicable,not applicable,,Strain JCM 3310 of Micromonospora sagamiensis,resultados/cicloadicion/neighborhoods/WP_145817300_1.fasta
20,WP_211763362.1,thiopeptide maturation pyridine synthase,Kutzneria sp.,CA-103260,WP_211763362.1,2,Kutzneria sp. CA-103260,thiopeptide maturation pyridine synthase,False,RefSeq,Kutzneria sp. CA-103260,CA-103260,GCF_018263855.1,NZ_CP073318.1,SAMN18499614,Kutzneria sp. CA-103260,Actinomycetota,Actinomycetes,Pseudonocardiales,Pseudonocardiaceae,Kutzneria,cellular organisms; Bacteria; Bacillati; Actinomycetota; Actinomycetes; Pseudonocardiales; Pseudonocardiaceae; Kutzneria; unclassified Kutzneria,1998-09-15,,,,,"Panama: Altos de Campana National Park, Soil under Eucharis bouchei",,Soil under Eucharis bouchei,Microbe sample from Kutzneria sp. CA-103260,resultados/cicloadicion/neighborhoods/WP_211763362_1.fasta
21,TDD43797.1,hypothetical protein E1288_25815,Saccharopolyspora elongata,,TDD43797.1,1,Saccharopolyspora elongata,hypothetical protein,True,GenBank/INSDC,Saccharopolyspora elongata,7K502,GCA_004348985.1,SMKW01000037.1,SAMN11032562,Saccharopolyspora elongata,Actinomycetota,Actinomycetes,Pseudonocardiales,Pseudonocardiaceae,Saccharopolyspora,cellular organisms; Bacteria; Bacillati; Actinomycetota; Actinomycetes; Pseudonocardiales; Pseudonocardiaceae; Saccharopolyspora,2014-07,,,,,Turkmenistan: Mary,,Desert soil,Microbe sample from Saccharopolyspora elongata,resultados/cicloadicion/neighborhoods/TDD43797_1.fasta
22,WP_089317077.1,thiopeptide maturation pyridine synthase,Actinomadura mexicana,,WP_089317077.1,2,Actinomadura mexicana,thiopeptide maturation pyridine synthase,False,RefSeq,Actinomadura mexicana,DSM 44485,GCF_900188105.1,NZ_FZNP01000034.1,SAMN06265355,Actinomadura mexicana,Actinomycetota,Actinomycetes,Streptosporangiales,Thermomonosporaceae,Actinomadura,cellular organisms; Bacteria; Bacillati; Actinomycetota; Actinomycetes; Streptosporangiales; Thermomonosporaceae; Actinomadura,missing,missing,missing,missing,not applicable,Mexico,missing,missing,Actinomadura mexicana DSM 44485,resultados/cicloadicion/neighborhoods/WP_089317077_1.fasta
23,WP_173132718.1,thiopeptide maturation pyridine synthase,Kibdelosporangium persicum,,WP_173132718.1,3,Kibdelosporangium persicum,thiopeptide maturation pyridine synthase,False,RefSeq,Kibdelosporangium persicum,CIP111705T,GCF_965137635.1,NZ_CBCSGW010000003.1,SAMEA117660633,Kibdelosporangium persicum,Actinomycetota,Actinomycetes,Pseudonocardiales,Pseudonocardiaceae,Kibdelosporangium,cellular organisms; Bacteria; Bacillati; Actinomycetota; Actinomycetes; Pseudonocardiales; Pseudonocardiaceae; Kibdelosporangium,not provided,,,,,not provided,,,Whole genome sequencing of Kibdelosporangium persicum CIP111705T,resultados/cicloadicion/neighborhoods/WP_173132718_1.fasta
24,WP_262841274.1,thiopeptide maturation pyridine synthase,Sphaerisporangium corydalis,,WP_262841274.1,3,Sphaerisporangium corydalis,thiopeptide maturation pyridine synthase,False,RefSeq,Sphaerisporangium corydalis,NEAU-YHS15,GCF_025506355.1,NZ_JANZYP010000004.1,SAMN30589492,Sphaerisporangium corydalis,Actinomycetota,Actinomycetes,Streptosporangiales,Streptosporangiaceae,Sphaerisporangium,cellular organisms; Bacteria; Bacillati; Actinomycetota; Actinomycetes; Streptosporangiales; Streptosporangiaceae; Sphaerisporangium,2015,,,,,China:Wuchang,,root,Microbe sample from Sphaerisporangium corydalis,resultados/cicloadicion/neighborhoods/WP_262841274_1.fasta
25,CAQ5674755.1,Thiopeptide-type bacteriocin biosynthesis domain-containing protein,Actinomadura sp.,,CAQ5674755.1,1,Actinomadura sp.,Thiopeptide-type bacteriocin biosynthesis domain-containing protein,False,GenBank/INSDC,Actinomadura sp.,,GCA_982347055.1,CEVRSX010000141.1,SAMEA121989063,Actinomadura sp.,Actinomycetota,Actinomycetes,Streptosporangiales,Thermomonosporaceae,Actinomadura,cellular organisms; Bacteria; Bacillati; Actinomycetota; Actinomycetes; Streptosporangiales; Thermomonosporaceae; Actinomadura; unclassified Actinomadura,2022,,dental plaque,mouth,,Spain,,dental calculus,MAG no. 002 of sample ERS11702733 of the HM global oral microbiome dataset,resultados/cicloadicion/neighborhoods/CAQ5674755_1.fasta
26,WP_379515551.1,thiopeptide maturation pyridine synthase,Nonomuraea insulae,,WP_379515551.1,2,Nonomuraea insulae,thiopeptide maturation pyridine synthase,False,RefSeq,Nonomuraea insulae,CGMCC 4.7338,GCF_042656245.1,NZ_JBHSPA010000023.1,SAMN43282771,Nonomuraea insulae,Actinomycetota,Actinomycetes,Streptosporangiales,Streptosporangiaceae,Nonomuraea,cellular organisms; Bacteria; Bacillati; Actinomycetota; Actinomycetes; Streptosporangiales; Streptosporangiaceae; Nonomuraea,2022,,,,,missing,,missing,Microbe sample from Nonomuraea insulae,resultados/cicloadicion/neighborhoods/WP_379515551_1.fasta
27,WP_116178935.1,thiopeptide maturation pyridine synthase,Kutzneria buriramensis,,WP_116178935.1,5,Kutzneria buriramensis,thiopeptide maturation pyridine synthase,False,RefSeq,Kutzneria buriramensis,DSM 45791,GCF_043575855.1,NZ_CP144375.1,SAMN36490032,Kutzneria buriramensis,Actinomycetota,Actinomycetes,Pseudonocardiales,Pseudonocardiaceae,Kutzneria,cellular organisms; Bacteria; Bacillati; Actinomycetota; Actinomycetes; Pseudonocardiales; Pseudonocardiaceae; Kutzneria,2013,ENVO:00000111,ENVO:00001998,ENVO:01000816,,Thailand,14.15 N 102.95 E,,MIGS Cultured Bacterial/Archaeal sample from Kutzneria buriramensis,resultados/cicloadicion/neighborhoods/WP_116178935_1.fasta
28,WP_170224452.1,thiopeptide maturation pyridine synthase,Actinokineospora cianjurensis,,WP_170224452.1,2,Actinokineospora cianjurensis,thiopeptide maturation pyridine synthase,False,RefSeq,Actinokineospora cianjurensis,DSM 45657,GCF_003663795.1,NZ_RCDD01000002.1,SAMN07621016,Actinokineospora cianjurensis,Actinomycetota,Actinomycetes,Pseudonocardiales,Pseudonocardiaceae,Actinokineospora,cellular organisms; Bacteria; Bacillati; Actinomycetota; Actinomycetes; Pseudonocardiales; Pseudonocardiaceae; Actinokineospora,missing,missing,missing,missing,not applicable,missing,missing,missing,Actinokineospora cianjurensis DSM 45657,resultados/cicloadicion/neighborhoods/WP_170224452_1.fasta
29,WP_345557473.1,thiopeptide maturation pyridine synthase,Streptomonospora halophila,,WP_345557473.1,2,Streptomonospora halophila,thiopeptide maturation pyridine synthase,False,RefSeq,Streptomonospora halophila,JCM 18123,GCF_039542725.1,NZ_BAABIK010000019.1,SAMD00645786,Streptomonospora halophila,Actinomycetota,Actinomycetes,Streptosporangiales,Nocardiopsidaceae,Streptomonospora,cellular organisms; Bacteria; Bacillati; Actinomycetota; Actinomycetes; Streptosporangiales; Nocardiopsidaceae; Streptomonospora,2001-07,,,,,China,,Hypersaline soil,Streptomonospora halophila strain JCM 18123 genome sample,resultados/cicloadicion/neighborhoods/WP_345557473_1.fasta
30,WP_397082189.1,thiopeptide maturation pyridine synthase,Nonomuraea typhae,,WP_397082189.1,2,Nonomuraea typhae,thiopeptide maturation pyridine synthase,False,RefSeq,Nonomuraea typhae,NPDC050545,GCF_044457445.1,NZ_JBITGY010000004.1,SAMN43996475,Nonomuraea typhae,Actinomycetota,Actinomycetes,Streptosporangiales,Streptosporangiaceae,Nonomuraea,cellular organisms; Bacteria; Bacillati; Actinomycetota; Actinomycetes; Streptosporangiales; Streptosporangiaceae; Nonomuraea,not applicable,not applicable,not applicable,not applicable,,not applicable,not applicable,,MIGS Cultured Bacterial/Archaeal sample from Nonomuraea typhae,resultados/cicloadicion/neighborhoods/WP_397082189_1.fasta
31,WP_052395034.1,thiopeptide maturation pyridine synthase,Kutzneria sp.,744,WP_052395034.1,2,Kutzneria sp. 744,thiopeptide maturation pyridine synthase,False,RefSeq,Kutzneria sp. 744,744,GCF_000568255.1,NZ_KK037166.1,SAMN00013041,Kutzneria sp. 744,Actinomycetota,Actinomycetes,Pseudonocardiales,Pseudonocardiaceae,Kutzneria,cellular organisms; Bacteria; Bacillati; Actinomycetota; Actinomycetes; Pseudonocardiales; Pseudonocardiaceae; Kutzneria; unclassified Kutzneria,,,,,,missing,,missing,Generic sample from Kutzneria sp. 744,resultados/cicloadicion/neighborhoods/WP_052395034_1.fasta
32,WP_093271394.1,thiopeptide maturation pyridine synthase,Saccharopolyspora shandongensis,,WP_093271394.1,2,Saccharopolyspora shandongensis,thiopeptide maturation pyridine synthase,False,RefSeq,Saccharopolyspora shandongensis,CGMCC 4.3530,GCF_900106995.1,NZ_FNOK01000033.1,SAMN05216215,Saccharopolyspora shandongensis,Actinomycetota,Actinomycetes,Pseudonocardiales,Pseudonocardiaceae,Saccharopolyspora,cellular organisms; Bacteria; Bacillati; Actinomycetota; Actinomycetes; Pseudonocardiales; Pseudonocardiaceae; Saccharopolyspora,not collected,missing,missing,missing,not applicable,missing,missing,missing,Saccharopolyspora shandongensis CGMCC 4.3530,resultados/cicloadicion/neighborhoods/WP_093271394_1.fasta
33,WP_360581786.1,thiopeptide maturation pyridine synthase,Actinomadura sp.,NPDC048021,WP_360581786.1,2,Actinomadura sp. NPDC048021,thiopeptide maturation pyridine synthase,False,RefSeq,Actinomadura sp. NPDC048021,NPDC048021,GCF_040653135.1,NZ_JBEZJQ010000040.1,SAMN41497446,Actinomadura sp. NPDC048021,Actinomycetota,Actinomycetes,Streptosporangiales,Thermomonosporaceae,Actinomadura,cellular organisms; Bacteria; Bacillati; Actinomycetota; Actinomycetes; Streptosporangiales; Thermomonosporaceae; Actinomadura; unclassified Actinomadura,1983-08-24,not applicable,not applicable,not applicable,,not applicable,not applicable,,MIGS Cultured Bacterial/Archaeal sample from Actinomadura sp. NPDC048021,resultados/cicloadicion/neighborhoods/WP_360581786_1.fasta
34,WP_364924860.1,thiopeptide maturation pyridine synthase,Nonomuraea sp.,NPDC049421,WP_364924860.1,2,Nonomuraea sp. NPDC049421,thiopeptide maturation pyridine synthase,False,RefSeq,Nonomuraea sp. NPDC049421,NPDC049421,GCF_040677005.1,NZ_JBFAQA010000029.1,SAMN41497218,Nonomuraea sp. NPDC049421,Actinomycetota,Actinomycetes,Streptosporangiales,Streptosporangiaceae,Nonomuraea,cellular organisms; Bacteria; Bacillati; Actinomycetota; Actinomycetes; Streptosporangiales; Streptosporangiaceae; Nonomuraea; unclassified Nonomuraea,not applicable,not applicable,not applicable,not applicable,,not applicable,not applicable,,MIGS Cultured Bacterial/Archaeal sample from Nonomuraea sp. NPDC049421,resultados/cicloadicion/neighborhoods/WP_364924860_1.fasta
35,WP_362810790.1,thiopeptide maturation pyridine synthase,Streptosporangium sp.,NPDC023615,WP_362810790.1,2,Streptosporangium sp. NPDC023615,thiopeptide maturation pyridine synthase,False,RefSeq,Streptosporangium sp. NPDC023615,NPDC023615,GCF_040640155.1,NZ_JBFABE010000048.1,SAMN41496312,Streptosporangium sp. NPDC023615,Actinomycetota,Actinomycetes,Streptosporangiales,Streptosporangiaceae,Streptosporangium,cellular organisms; Bacteria; Bacillati; Actinomycetota; Actinomycetes; Streptosporangiales; Streptosporangiaceae; Streptosporangium; unclassified Streptosporangium,1992-10-07,not applicable,not applicable,not applicable,,Russia,not applicable,,MIGS Cultured Bacterial/Archaeal sample from Streptosporangium sp. NPDC023615,resultados/cicloadicion/neighborhoods/WP_362810790_1.fasta
36,WP_214326884.1,lantibiotic dehydratase C-terminal domain-containing protein,Nonomuraea sediminis,,WP_214326884.1,1,Nonomuraea sediminis,lantibiotic dehydratase C-terminal domain-containing protein,False,RefSeq,Nonomuraea sediminis,,,N/A,,,,,,,,,,,,,,,,,,
37,WP_362706363.1,thiopeptide maturation pyridine synthase,Streptomyces sp.,NPDC048483,WP_362706363.1,2,Streptomyces sp. NPDC048483,thiopeptide maturation pyridine synthase,False,RefSeq,Streptomyces sp. NPDC048483,NPDC048483,GCF_040651455.1,NZ_JBEZJZ010000047.1,SAMN41496576,Streptomyces sp. NPDC048483,Actinomycetota,Actinomycetes,Kitasatosporales,Streptomycetaceae,Streptomyces,cellular organisms; Bacteria; Bacillati; Actinomycetota; Actinomycetes; Kitasatosporales; Streptomycetaceae; Streptomyces; unclassified Streptomyces,not applicable,not applicable,not applicable,terrestrial biome [ENVO:00000446],,Chile,not applicable,soil,MIGS Cultured Bacterial/Archaeal sample from Streptomyces sp. NPDC048483,resultados/cicloadicion/neighborhoods/WP_362706363_1.fasta
38,WP_327287164.1,thiopeptide maturation pyridine synthase,Streptomyces sp.,NBC_01198,WP_327287164.1,2,Streptomyces sp. NBC_01198,thiopeptide maturation pyridine synthase,False,RefSeq,Streptomyces sp. NBC_01198,NBC_01198,GCF_036010485.1,NZ_CP108568.1,SAMN24016424,Streptomyces sp. NBC_01198,Actinomycetota,Actinomycetes,Kitasatosporales,Streptomycetaceae,Streptomyces,cellular organisms; Bacteria; Bacillati; Actinomycetota; Actinomycetes; Kitasatosporales; Streptomycetaceae; Streptomyces; unclassified Streptomyces,2020-07-01,not applicable,not applicable,not applicable,,"Denmark: Givskud, Field of grass / brush",55.8081 N 9.3697 E,,G500 actinobacteria,resultados/cicloadicion/neighborhoods/WP_327287164_1.fasta
39,WP_336650326.1,lantibiotic dehydratase C-terminal domain-containing protein,Kocuria rosea,,WP_336650326.1,1,Kocuria rosea,lantibiotic dehydratase C-terminal domain-containing protein,False,RefSeq,Kocuria rosea,USHLN215,GCF_037144745.1,NZ_JBBCYR010000009.1,SAMN37642936,Kocuria rosea,Actinomycetota,Actinomycetes,Micrococcales,Micrococcaceae,Kocuria,cellular organisms; Bacteria; Bacillati; Actinomycetota; Actinomycetes; Micrococcales; Micrococcaceae; Kocuria,2010-11-30,,,,,missing,,mosquito,UW-2,resultados/cicloadicion/neighborhoods/WP_336650326_1.fasta
40,WP_142159117.1,lantibiotic dehydratase C-terminal domain-containing protein,Cellulomonas sp.,SLBN-39,WP_142159117.1,2,Cellulomonas sp. SLBN-39,lantibiotic dehydratase C-terminal domain-containing protein,False,RefSeq,Cellulomonas sp. SLBN-39,SLBN-39,GCF_006715865.1,NZ_VFOA01000001.1,SAMN11510412,Cellulomonas sp. SLBN-39,Actinomycetota,Actinomycetes,Micrococcales,Cellulomonadaceae,Cellulomonas,cellular organisms; Bacteria; Bacillati; Actinomycetota; Actinomycetes; Micrococcales; Cellulomonadaceae; Cellulomonas; unclassified Cellulomonas,missing,missing,missing,missing,not applicable,USA: California,38.5376 N 121.7644 W,missing,Cellulomonas sp. SLBN-39,resultados/cicloadicion/neighborhoods/WP_142159117_1.fasta
41,WP_407319147.1,lantibiotic dehydratase C-terminal domain-containing protein,Isoptericola halotolerans,,WP_407319147.1,2,Isoptericola halotolerans,lantibiotic dehydratase C-terminal domain-containing protein,False,RefSeq,Isoptericola halotolerans,SM2308,GCF_045689585.1,NZ_CP140108.1,SAMN38701329,Isoptericola halotolerans,Actinomycetota,Actinomycetes,Micrococcales,Promicromonosporaceae,Isoptericola,cellular organisms; Bacteria; Bacillati; Actinomycetota; Actinomycetes; Micrococcales; Promicromonosporaceae; Isoptericola,2023-08-15,intertidal zone [ENVO:00000316],sea water [ENVO:00002149],algal material [ENVO:01000155],missing,China:Shandong,37.09 N 122.35 E,,MIGS Cultured Bacterial/Archaeal sample from Isoptericola halotolerans,resultados/cicloadicion/neighborhoods/WP_407319147_1.fasta
42,WP_157320809.1,lantibiotic dehydratase C-terminal domain-containing protein,Nesterenkonia alkaliphila,,WP_157320809.1,3,Nesterenkonia alkaliphila,lantibiotic dehydratase C-terminal domain-containing protein,False,RefSeq,Nesterenkonia alkaliphila,F10,GCF_009758175.1,NZ_WRPM01000011.1,SAMN13430387,Nesterenkonia alkaliphila,Actinomycetota,Actinomycetes,Micrococcales,Micrococcaceae,Nesterenkonia,cellular organisms; Bacteria; Bacillati; Actinomycetota; Actinomycetes; Micrococcales; Micrococcaceae; Nesterenkonia,2015,,,,,missing,,deep-sea sediment,Microbe sample from Nesterenkonia alkaliphila F10,resultados/cicloadicion/neighborhoods/WP_157320809_1.fasta
43,WP_058858331.1,lantibiotic dehydratase C-terminal domain-containing protein,Kocuria flava,,WP_058858331.1,3,Kocuria flava,lantibiotic dehydratase C-terminal domain-containing protein,False,RefSeq,Kocuria flava,HO-9041,GCF_001482365.1,NZ_CP013254.1,SAMN04270876,Kocuria flava,Actinomycetota,Actinomycetes,Micrococcales,Micrococcaceae,Kocuria,cellular organisms; Bacteria; Bacillati; Actinomycetota; Actinomycetes; Micrococcales; Micrococcaceae; Kocuria,2008-03-09,,,,,China: Xinjiang,,air,Microbe sample from Kocuria flava,resultados/cicloadicion/neighborhoods/WP_058858331_1.fasta
44,WP_267173668.1,lantibiotic dehydratase C-terminal domain-containing protein,Corynebacterium marambiense,,WP_267173668.1,2,Corynebacterium marambiense,lantibiotic dehydratase C-terminal domain-containing protein,False,RefSeq,Corynebacterium marambiense,P5848,GCF_026410355.1,NZ_JAPMKY010000003.1,SAMN31757050,Corynebacterium marambiense,Actinomycetota,Actinomycetes,Mycobacteriales,Corynebacteriaceae,Corynebacterium,cellular organisms; Bacteria; Bacillati; Actinomycetota; Actinomycetes; Mycobacteriales; Corynebacteriaceae; Corynebacterium,2014,,,,Pygoscelis adeliae,Antarctica,,,Microbe sample from Corynebacterium marambiense,resultados/cicloadicion/neighborhoods/WP_267173668_1.fasta
45,WP_110565432.1,lantibiotic dehydratase C-terminal domain-containing protein,Micromonospora arborensis,,WP_110565432.1,2,Micromonospora arborensis,lantibiotic dehydratase C-terminal domain-containing protein,False,RefSeq,Micromonospora arborensis,NRRL 8041,GCF_003205615.1,NZ_PYBV01000027.1,SAMN08683763,Micromonospora arborensis,Actinomycetota,Actinomycetes,Micromonosporales,Micromonosporaceae,Micromonospora,cellular organisms; Bacteria; Bacillati; Actinomycetota; Actinomycetes; Micromonosporales; Micromonosporaceae; Micromonospora,not collected,,,,,USA: Michigan,,obtained from ARS culture collection,Microbe sample from Micromonospora arborensis,resultados/cicloadicion/neighborhoods/WP_110565432_1.fasta
46,WP_278131141.1,MULTISPECIES: lantibiotic dehydratase C-terminal domain-containing protein,Micromonospora,,WP_278131141.1,11,Micromonospora carbonacea; Micromonospora carbonacea subsp. caeruleus; Micromonospora sp. WMMD712; Micromonospora sp. WMMD956,lantibiotic dehydratase C-terminal domain-containing protein,False,RefSeq,Micromonospora sp. WMMD712,WMMD712,GCF_029581295.1,NZ_CP120743.1,SAMN32307580,Micromonospora sp. WMMD712,Actinomycetota,Actinomycetes,Micromonosporales,Micromonosporaceae,Micromonospora,cellular organisms; Bacteria; Bacillati; Actinomycetota; Actinomycetes; Micromonosporales; Micromonosporaceae; Micromonospora; unclassified Micromonospora,2019-08-13,,,,Ecteinascidia turbinata,"USA:Florida, Big Torch Key",24.705417 N 81.431767 W,,Microbe sample from Micromonospora sp. WMMD712,resultados/cicloadicion/neighborhoods/WP_278131141_1.fasta
47,WP_329061020.1,lantibiotic dehydratase C-terminal domain-containing protein,Amycolatopsis sp.,NBC_01480,WP_329061020.1,2,Amycolatopsis sp. NBC_01480,lantibiotic dehydratase C-terminal domain-containing protein,False,RefSeq,Amycolatopsis sp. NBC_01480,NBC_01480,GCF_036227205.1,NZ_CP109442.1,SAMN24016618,Amycolatopsis sp. NBC_01480,Actinomycetota,Actinomycetes,Pseudonocardiales,Pseudonocardiaceae,Amycolatopsis,cellular organisms; Bacteria; Bacillati; Actinomycetota; Actinomycetes; Pseudonocardiales; Pseudonocardiaceae; Amycolatopsis; unclassified Amycolatopsis,2020-06-28,not applicable,not applicable,not applicable,,"Denmark: Oerkenen, Anholt, yellow sand",56.704825 N 11.557672 E,,G500 actinobacteria,resultados/cicloadicion/neighborhoods/WP_329061020_1.fasta
48,WP_240109677.1,lantibiotic dehydratase C-terminal domain-containing protein,Streptomyces sp.,MUM 203J,WP_240109677.1,2,Streptomyces sp. MUM 203J,lantibiotic dehydratase C-terminal domain-containing protein,False,RefSeq,Streptomyces sp. MUM 203J,MUM 203J,GCF_022414595.1,NZ_JADWYO010000034.1,SAMN16861453,Streptomyces sp. MUM 203J,Actinomycetota,Actinomycetes,Kitasatosporales,Streptomycetaceae,Streptomyces,cellular organisms; Bacteria; Bacillati; Actinomycetota; Actinomycetes; Kitasatosporales; Streptomycetaceae; Streptomyces; unclassified Streptomyces,2015-06,,,,,"Malaysia: Kampung Trombol area of Kuching, Sarawak",,mangrove soil,Microbe sample from Streptomyces sp. MUM 203J,resultados/cicloadicion/neighborhoods/WP_240109677_1.fasta
49,WP_393140656.1,lantibiotic dehydratase C-terminal domain-containing protein,Nonomuraea sp.,NPDC047897,WP_393140656.1,2,Nonomuraea sp. NPDC047897,lantibiotic dehydratase C-terminal domain-containing protein,False,RefSeq,Nonomuraea sp. NPDC047897,NPDC047897,GCF_043204415.1,NZ_JBIDCC010000001.1,SAMN43996045,Nonomuraea sp. NPDC047897,Actinomycetota,Actinomycetes,Streptosporangiales,Streptosporangiaceae,Nonomuraea,cellular organisms; Bacteria; Bacillati; Actinomycetota; Actinomycetes; Streptosporangiales; Streptosporangiaceae; Nonomuraea; unclassified Nonomuraea,not applicable,not applicable,not applicable,not applicable,,not applicable,not applicable,,MIGS Cultured Bacterial/Archaeal sample from Nonomuraea sp. NPDC047897,resultados/cicloadicion/neighborhoods/WP_393140656_1.fasta
50,WP_356302456.1,lantibiotic dehydratase C-terminal domain-containing protein,Streptomyces sp.,NPDC005438,WP_356302456.1,2,Streptomyces sp. NPDC005438,lantibiotic dehydratase C-terminal domain-containing protein,False,RefSeq,Streptomyces sp. NPDC005438,NPDC005438,GCF_040606315.1,NZ_JBEXEP010000007.1,SAMN41498704,Streptomyces sp. NPDC005438,Actinomycetota,Actinomycetes,Kitasatosporales,Streptomycetaceae,Streptomyces,cellular organisms; Bacteria; Bacillati; Actinomycetota; Actinomycetes; Kitasatosporales; Streptomycetaceae; Streptomyces; unclassified Streptomyces,not applicable,not applicable,not applicable,not applicable,,not applicable,not applicable,,MIGS Cultured Bacterial/Archaeal sample from Streptomyces sp. NPDC005438,resultados/cicloadicion/neighborhoods/WP_356302456_1.fasta
51,WP_381672452.1,thiopeptide-type bacteriocin biosynthesis protein,Streptomyces laurentii,,WP_381672452.1,2,Streptomyces laurentii,thiopeptide-type bacteriocin biosynthesis protein,False,RefSeq,Streptomyces laurentii,NPDC057890,GCF_042796675.1,NZ_JBHVND010000012.1,SAMN43796764,Streptomyces laurentii,Actinomycetota,Actinomycetes,Kitasatosporales,Streptomycetaceae,Streptomyces,cellular organisms; Bacteria; Bacillati; Actinomycetota; Actinomycetes; Kitasatosporales; Streptomycetaceae; Streptomyces,2010-01-01,not applicable,not applicable,not applicable,,China,not applicable,,MIGS Cultured Bacterial/Archaeal sample from Streptomyces laurentii,resultados/cicloadicion/neighborhoods/WP_381672452_1.fasta
52,WP_110669044.1,thiopeptide-type bacteriocin biosynthesis protein,Streptomyces tateyamensis,,WP_110669044.1,3,Streptomyces tateyamensis,thiopeptide-type bacteriocin biosynthesis protein,False,RefSeq,Streptomyces tateyamensis,ATCC 21389,GCF_003205575.1,NZ_PYBW01000040.1,SAMN08683764,Streptomyces tateyamensis,Actinomycetota,Actinomycetes,Kitasatosporales,Streptomycetaceae,Streptomyces,cellular organisms; Bacteria; Bacillati; Actinomycetota; Actinomycetes; Kitasatosporales; Streptomycetaceae; Streptomyces,not collected,,,,,Japan: Tateyama,,obtained from ATCC culture collection,Microbe sample from Streptomyces tateyamensis,resultados/cicloadicion/neighborhoods/WP_110669044_1.fasta
53,WP_186831849.1,lantibiotic dehydratase C-terminal domain-containing protein,Streptomyces sp.,ISID311,WP_186831849.1,1,Streptomyces sp. ISID311,lantibiotic dehydratase C-terminal domain-containing protein,False,RefSeq,Streptomyces sp. ISID311,ISID311,GCF_007994955.1,NZ_VOQD01000005.1,SAMN12498992,Streptomyces sp. ISID311,Actinomycetota,Actinomycetes,Kitasatosporales,Streptomycetaceae,Streptomyces,cellular organisms; Bacteria; Bacillati; Actinomycetota; Actinomycetes; Kitasatosporales; Streptomycetaceae; Streptomyces; unclassified Streptomyces,2016,,,,Cyphomyrmex sp.,Brazil:Sao Paulo,,,Microbe sample from Streptomyces sp. ISID311,resultados/cicloadicion/neighborhoods/WP_186831849_1.fasta
54,WP_191896693.1,lantibiotic dehydratase C-terminal domain-containing protein,Planomonospora parontospora,,WP_191896693.1,4,Planomonospora parontospora; Planomonospora parontospora subsp. parontospora,lantibiotic dehydratase C-terminal domain-containing protein,False,RefSeq,Planomonospora parontospora,JCM 3093,GCF_042660865.1,NZ_JBHSVA010000001.1,SAMN43283374,Planomonospora parontospora,Actinomycetota,Actinomycetes,Streptosporangiales,Streptosporangiaceae,Planomonospora,cellular organisms; Bacteria; Bacillati; Actinomycetota; Actinomycetes; Streptosporangiales; Streptosporangiaceae; Planomonospora,2021,,,,,missing,,missing,Microbe sample from Planomonospora parontospora,resultados/cicloadicion/neighborhoods/WP_191896693_1.fasta
55,WP_059424809.1,lantibiotic dehydratase C-terminal domain-containing protein,Streptomyces azureus,,WP_059424809.1,3,Streptomyces azureus,lantibiotic dehydratase C-terminal domain-containing protein,False,RefSeq,Streptomyces azureus,ATCC 14921,GCF_001270025.1,NZ_DF968533.1,SAMD00031377,Streptomyces azureus,Actinomycetota,Actinomycetes,Kitasatosporales,Streptomycetaceae,Streptomyces,cellular organisms; Bacteria; Bacillati; Actinomycetota; Actinomycetes; Kitasatosporales; Streptomycetaceae; Streptomyces,not applicable,not applicable,soil,not applicable,,not applicable,not applicable,,S. azureus 14921,resultados/cicloadicion/neighborhoods/WP_059424809_1.fasta
56,MBN0043327.1,hypothetical protein,Streptomyces actuosus,,MBN0043327.1,2,Streptomyces actuosus,hypothetical protein,True,GenBank/INSDC,Streptomyces actuosus,VRA1,GCA_016921115.1,JAFFZS010000002.1,SAMN17849320,Streptomyces actuosus,Actinomycetota,Actinomycetes,Kitasatosporales,Streptomycetaceae,Streptomyces,cellular organisms; Bacteria; Bacillati; Actinomycetota; Actinomycetes; Kitasatosporales; Streptomycetaceae; Streptomyces,2018-07-06,Soil,Soil,Mangrove,,"India: Vypin, Kochi, Kerala",10.1024 N 76.2044 E,mangrove soil,MIGS Cultured Bacterial/Archaeal sample from Streptomyces actuosus,resultados/cicloadicion/neighborhoods/MBN0043327_1.fasta
57,WP_323448729.1,lantibiotic dehydratase C-terminal domain-containing protein,Streptomyces yaizuensis,,WP_323448729.1,2,Streptomyces yaizuensis,lantibiotic dehydratase C-terminal domain-containing protein,False,RefSeq,Streptomyces yaizuensis,YSPA8,GCF_034961445.1,NZ_BSBI01000008.1,SAMD00552318,Streptomyces yaizuensis,Actinomycetota,Actinomycetes,Kitasatosporales,Streptomycetaceae,Streptomyces,cellular organisms; Bacteria; Bacillati; Actinomycetota; Actinomycetes; Kitasatosporales; Streptomycetaceae; Streptomyces,2020-10-12,sea [ENVO:00000016],not applicable,sea [ENVO:00000016]|marine sponge reef biome [ENVO:01000123],,"Japan:Shizuoka, Yaizu",34.85930752 N 138.32515777 E,,Draft genome sequence of Streptomyces sp. YSPA8,resultados/cicloadicion/neighborhoods/WP_323448729_1.fasta
58,WP_237877082.1,MULTISPECIES: lantibiotic dehydratase C-terminal domain-containing protein,Streptomyces,,WP_237877082.1,9,Streptomyces fenghuangensis; Streptomyces sp. ICN903,lantibiotic dehydratase C-terminal domain-containing protein,False,RefSeq,Streptomyces sp. ICN903,ICN903,GCF_022015835.1,NZ_JAKMAY010000014.1,SAMN25525657,Streptomyces sp. ICN903,Actinomycetota,Actinomycetes,Kitasatosporales,Streptomycetaceae,Streptomyces,cellular organisms; Bacteria; Bacillati; Actinomycetota; Actinomycetes; Kitasatosporales; Streptomycetaceae; Streptomyces; unclassified Streptomyces,2018-12-24,shoreline,seawater,marine biome,Botryocladia,India: Pozhikarai near Kanyakumari,8.105144 N 77.404993 E,,MIGS Cultured Bacterial/Archaeal sample from Streptomyces sp. ICN903,resultados/cicloadicion/neighborhoods/WP_237877082_1.fasta
59,WP_007074886.1,lantibiotic dehydratase C-terminal domain-containing protein,Micromonospora sp.,ATCC 39149,WP_007074886.1,3,Micromonospora carbonacea; Micromonospora sp. ATCC 39149,lantibiotic dehydratase C-terminal domain-containing protein,False,RefSeq,Micromonospora sp. ATCC 39149,ATCC 39149,GCF_000158815.1,NZ_GG657738.1,SAMN02595295,Micromonospora sp. ATCC 39149,Actinomycetota,Actinomycetes,Micromonosporales,Micromonosporaceae,Micromonospora,cellular organisms; Bacteria; Bacillati; Actinomycetota; Actinomycetes; Micromonosporales; Micromonosporaceae; Micromonospora; unclassified Micromonospora,,,,,,,,,Sample from Micromonospora sp. ATCC 39149,resultados/cicloadicion/neighborhoods/WP_007074886_1.fasta
60,WP_093941962.1,lantibiotic dehydratase C-terminal domain-containing protein,Actinoalloteichus hoggarensis,,WP_093941962.1,3,Actinoalloteichus hoggarensis,lantibiotic dehydratase C-terminal domain-containing protein,False,RefSeq,Actinoalloteichus hoggarensis,DSM 45943,GCF_002234535.1,NZ_CP022521.1,SAMN07353059,Actinoalloteichus hoggarensis,Actinomycetota,Actinomycetes,Pseudonocardiales,Pseudonocardiaceae,Actinoalloteichus,cellular organisms; Bacteria; Bacillati; Actinomycetota; Actinomycetes; Pseudonocardiales; Pseudonocardiaceae; Actinoalloteichus,2000,,,,,Algeria: Tamanrasset,22.78333 N 5.51667 E,soil,Microbe sample from Actinoalloteichus hoggarensis DSM 45943,resultados/cicloadicion/neighborhoods/WP_093941962_1.fasta
61,WP_387570032.1,lantibiotic dehydratase C-terminal domain-containing protein,Nonomuraea jabiensis,,WP_387570032.1,2,Nonomuraea jabiensis,lantibiotic dehydratase C-terminal domain-containing protein,False,RefSeq,Nonomuraea jabiensis,NPDC001439,GCF_042895135.1,NZ_JBIAWB010000008.1,SAMN43992463,Nonomuraea jabiensis,Actinomycetota,Actinomycetes,Streptosporangiales,Streptosporangiaceae,Nonomuraea,cellular organisms; Bacteria; Bacillati; Actinomycetota; Actinomycetes; Streptosporangiales; Streptosporangiaceae; Nonomuraea,not applicable,China,not applicable,not applicable,,not applicable,not applicable,,MIGS Cultured Bacterial/Archaeal sample from Nonomuraea jabiensis,resultados/cicloadicion/neighborhoods/WP_387570032_1.fasta
62,WP_357725607.1,lantibiotic dehydratase C-terminal domain-containing protein,Nonomuraea angiospora,,WP_357725607.1,2,Nonomuraea angiospora,lantibiotic dehydratase C-terminal domain-containing protein,False,RefSeq,Nonomuraea angiospora,NPDC046793,GCF_040645435.1,NZ_JBEYYE010000001.1,SAMN41497422,Nonomuraea angiospora,Actinomycetota,Actinomycetes,Streptosporangiales,Streptosporangiaceae,Nonomuraea,cellular organisms; Bacteria; Bacillati; Actinomycetota; Actinomycetes; Streptosporangiales; Streptosporangiaceae; Nonomuraea,not applicable,not applicable,not applicable,terrestrial biome [ENVO:00000446],,Togo,not applicable,soil (argileous),MIGS Cultured Bacterial/Archaeal sample from Nonomuraea angiospora,resultados/cicloadicion/neighborhoods/WP_357725607_1.fasta
63,WP_364068677.1,lantibiotic dehydratase C-terminal domain-containing protein,Nonomuraea sp.,NPDC052634,WP_364068677.1,2,Nonomuraea sp. NPDC052634,lantibiotic dehydratase C-terminal domain-containing protein,False,RefSeq,Nonomuraea sp. NPDC052634,NPDC052634,GCF_040678535.1,NZ_JBFATY010000012.1,SAMN41498189,Nonomuraea sp. NPDC052634,Actinomycetota,Actinomycetes,Streptosporangiales,Streptosporangiaceae,Nonomuraea,cellular organisms; Bacteria; Bacillati; Actinomycetota; Actinomycetes; Streptosporangiales; Streptosporangiaceae; Nonomuraea; unclassified Nonomuraea,not applicable,not applicable,not applicable,not applicable,,not applicable,not applicable,,MIGS Cultured Bacterial/Archaeal sample from Nonomuraea sp. NPDC052634,resultados/cicloadicion/neighborhoods/WP_364068677_1.fasta
64,WP_393202631.1,lantibiotic dehydratase C-terminal domain-containing protein,Nonomuraea sp.,NPDC049309,WP_393202631.1,2,Nonomuraea sp. NPDC049309,lantibiotic dehydratase C-terminal domain-containing protein,False,RefSeq,Nonomuraea sp. NPDC049309,NPDC049309,GCF_043196965.1,NZ_JBICSH010000003.1,SAMN43996309,Nonomuraea sp. NPDC049309,Actinomycetota,Actinomycetes,Streptosporangiales,Streptosporangiaceae,Nonomuraea,cellular organisms; Bacteria; Bacillati; Actinomycetota; Actinomycetes; Streptosporangiales; Streptosporangiaceae; Nonomuraea; unclassified Nonomuraea,not applicable,not applicable,not applicable,not applicable,,not applicable,not applicable,,MIGS Cultured Bacterial/Archaeal sample from Nonomuraea sp. NPDC049309,resultados/cicloadicion/neighborhoods/WP_393202631_1.fasta
65,WP_013130812.1,thiopeptide maturation pyridine synthase,Thermobispora bispora,,WP_013130812.1,4,Thermobispora bispora; Thermobispora bispora DSM 43833,thiopeptide maturation pyridine synthase,False,RefSeq,Thermobispora bispora DSM 43833,DSM 43833,GCF_000092645.1,NC_014165.1,SAMN00002587,Thermobispora bispora DSM 43833,Actinomycetota,Actinomycetes,Streptosporangiales,Streptosporangiaceae,Thermobispora,cellular organisms; Bacteria; Bacillati; Actinomycetota; Actinomycetes; Streptosporangiales; Streptosporangiaceae; Thermobispora; Thermobispora bispora,,,,,,,,,Generic sample from Thermobispora bispora DSM 43833,resultados/cicloadicion/neighborhoods/WP_013130812_1.fasta
66,WP_346261533.1,thiopeptide maturation pyridine synthase,Plantactinospora sp.,ZYX-F-223,WP_346261533.1,2,Plantactinospora sp. ZYX-F-223,thiopeptide maturation pyridine synthase,False,RefSeq,Plantactinospora sp. ZYX-F-223,ZYX-F-223,GCF_039649625.1,NZ_JBDJAV010000035.1,SAMN41102863,Plantactinospora sp. ZYX-F-223,Actinomycetota,Actinomycetes,Micromonosporales,Micromonosporaceae,Plantactinospora,cellular organisms; Bacteria; Bacillati; Actinomycetota; Actinomycetes; Micromonosporales; Micromonosporaceae; Plantactinospora; unclassified Plantactinospora,2022-06-27,,,,,China:Yongxing Island,,marine sediment,Microbe sample from Plantactinospora sp. ZYX-F-223,resultados/cicloadicion/neighborhoods/WP_346261533_1.fasta
67,WP_120689006.1,thiopeptide maturation pyridine synthase,Micromonospora musae,,WP_120689006.1,2,Micromonospora musae,thiopeptide maturation pyridine synthase,False,RefSeq,Micromonospora musae,MS1-9,GCF_003626635.1,NZ_RAZT01000006.1,SAMN10141346,Micromonospora musae,Actinomycetota,Actinomycetes,Micromonosporales,Micromonosporaceae,Micromonospora,cellular organisms; Bacteria; Bacillati; Actinomycetota; Actinomycetes; Micromonosporales; Micromonosporaceae; Micromonospora,2018-08-06,,,,Musa sp.,Thailand,,roots,Microbe sample from Micromonospora musae,resultados/cicloadicion/neighborhoods/WP_120689006_1.fasta
68,WP_363786467.1,thiopeptide maturation pyridine synthase,Micromonospora avicenniae,,WP_363786467.1,2,Micromonospora avicenniae,thiopeptide maturation pyridine synthase,False,RefSeq,Micromonospora avicenniae,NPDC049326,GCF_040677275.1,NZ_JBFAQL010000038.1,SAMN41495963,Micromonospora avicenniae,Actinomycetota,Actinomycetes,Micromonosporales,Micromonosporaceae,Micromonospora,cellular organisms; Bacteria; Bacillati; Actinomycetota; Actinomycetes; Micromonosporales; Micromonosporaceae; Micromonospora,1989-08-08,not applicable,not applicable,not applicable,,not applicable,not applicable,,MIGS Cultured Bacterial/Archaeal sample from Micromonospora avicenniae,resultados/cicloadicion/neighborhoods/WP_363786467_1.fasta
69,WP_165977801.1,thiopeptide maturation pyridine synthase,Nonomuraea diastatica,,WP_165977801.1,1,Nonomuraea diastatica,thiopeptide maturation pyridine synthase,False,RefSeq,Nonomuraea diastatica,KC712,GCF_004349015.1,NZ_SMKP01000193.1,SAMN11032569,Nonomuraea diastatica,Actinomycetota,Actinomycetes,Streptosporangiales,Streptosporangiaceae,Nonomuraea,cellular organisms; Bacteria; Bacillati; Actinomycetota; Actinomycetes; Streptosporangiales; Streptosporangiaceae; Nonomuraea,2014-07,,,,,Turkmenistan: Darvaz,,Desert soil,Microbe sample from Nonomuraea diastatica,resultados/cicloadicion/neighborhoods/WP_165977801_1.fasta
70,WP_091094846.1,thiopeptide maturation pyridine synthase,Micromonospora citrea,,WP_091094846.1,2,Micromonospora citrea,thiopeptide maturation pyridine synthase,False,RefSeq,Micromonospora citrea,DSM 43903,GCF_900090315.1,NZ_FMHZ01000002.1,SAMN04488296,Micromonospora citrea,Actinomycetota,Actinomycetes,Micromonosporales,Micromonosporaceae,Micromonospora,cellular organisms; Bacteria; Bacillati; Actinomycetota; Actinomycetes; Micromonosporales; Micromonosporaceae; Micromonospora,not collected,missing,missing,missing,,missing,missing,,Micromonospora citrea DSM 43903,resultados/cicloadicion/neighborhoods/WP_091094846_1.fasta
71,WP_357869289.1,thiopeptide maturation pyridine synthase,Micromonospora sp.,NPDC023633,WP_357869289.1,2,Micromonospora sp. NPDC023633,thiopeptide maturation pyridine synthase,False,RefSeq,Micromonospora sp. NPDC023633,NPDC023633,GCF_040640035.1,NZ_JBFABB010000012.1,SAMN41495347,Micromonospora sp. NPDC023633,Actinomycetota,Actinomycetes,Micromonosporales,Micromonosporaceae,Micromonospora,cellular organisms; Bacteria; Bacillati; Actinomycetota; Actinomycetes; Micromonosporales; Micromonosporaceae; Micromonospora; unclassified Micromonospora,1992-05-27,not applicable,not applicable,not applicable,,Russia,not applicable,,MIGS Cultured Bacterial/Archaeal sample from Micromonospora sp. NPDC023633,resultados/cicloadicion/neighborhoods/WP_357869289_1.fasta
72,MHO6844989.1,thiopeptide maturation pyridine synthase,Actinomycetota bacterium SID9673,,MHO6844989.1,1,Actinomycetota bacterium SID9673,thiopeptide maturation pyridine synthase,False,GenBank/INSDC,Actinomycetota bacterium SID9673,SID9673,GCA_056437685.1,JBWJVY010000106.1,SAMN55951800,Actinomycetota bacterium SID9673,Actinomycetota,,,,,cellular organisms; Bacteria; Bacillati; Actinomycetota; unclassified Actinomycetota,2014,,,,Diptera,USA: Hawaii,,not applicable,Microbe sample from Actinomycetota bacterium SID9673,resultados/cicloadicion/neighborhoods/MHO6844989_1.fasta
73,WP_138048765.1,thiopeptide maturation pyridine synthase,Streptomyces montanus,,WP_138048765.1,2,Streptomyces montanus,thiopeptide maturation pyridine synthase,False,RefSeq,Streptomyces montanus,NEAU-C151,GCF_005786655.1,NZ_VBZC01000045.1,SAMN11638123,Streptomyces montanus,Actinomycetota,Actinomycetes,Kitasatosporales,Streptomycetaceae,Streptomyces,cellular organisms; Bacteria; Bacillati; Actinomycetota; Actinomycetes; Kitasatosporales; Streptomycetaceae; Streptomyces,2016-06-01,,,,,China,,soil,Microbe sample from Streptomyces montanus,resultados/cicloadicion/neighborhoods/WP_138048765_1.fasta
74,WP_156214266.1,MULTISPECIES: thiopeptide maturation pyridine synthase,Actinomadura,,WP_156214266.1,3,Actinomadura litoris; Actinomadura sp. NEAU-AAG7,thiopeptide maturation pyridine synthase,False,RefSeq,Actinomadura sp. NEAU-AAG7,NEAU-AAG7,GCF_018603865.1,NZ_JAHFZY010000001.1,SAMN19304789,Actinomadura sp. NEAU-AAG7,Actinomycetota,Actinomycetes,Streptosporangiales,Thermomonosporaceae,Actinomadura,cellular organisms; Bacteria; Bacillati; Actinomycetota; Actinomycetes; Streptosporangiales; Thermomonosporaceae; Actinomadura; unclassified Actinomadura,2016-05-10,,,,,China: Sanya,,soil,Microbe sample from Actinomadura sp. NEAU-AAG7,resultados/cicloadicion/neighborhoods/WP_156214266_1.fasta
75,WP_357929849.1,thiopeptide maturation pyridine synthase,Nonomuraea sp.,NPDC050310,WP_357929849.1,2,Nonomuraea sp. NPDC050310,thiopeptide maturation pyridine synthase,False,RefSeq,Nonomuraea sp. NPDC050310,NPDC050310,GCF_040655795.1,NZ_JBFAKP010000015.1,SAMN41496590,Nonomuraea sp. NPDC050310,Actinomycetota,Actinomycetes,Streptosporangiales,Streptosporangiaceae,Nonomuraea,cellular organisms; Bacteria; Bacillati; Actinomycetota; Actinomycetes; Streptosporangiales; Streptosporangiaceae; Nonomuraea; unclassified Nonomuraea,not applicable,not applicable,not applicable,not applicable,,not applicable,not applicable,,MIGS Cultured Bacterial/Archaeal sample from Nonomuraea sp. NPDC050310,resultados/cicloadicion/neighborhoods/WP_357929849_1.fasta
76,MHH6667889.1,thiopeptide maturation pyridine synthase,Planosporangium sp.,,MHH6667889.1,1,Planosporangium sp.,thiopeptide maturation pyridine synthase,False,GenBank/INSDC,Planosporangium sp.,,GCA_055612415.1,JBVPUV010000086.1,SAMN50608463,Planosporangium sp.,Actinomycetota,Actinomycetes,Micromonosporales,Micromonosporaceae,Planosporangium,cellular organisms; Bacteria; Bacillati; Actinomycetota; Actinomycetes; Micromonosporales; Micromonosporaceae; Planosporangium; unclassified Planosporangium,2024-07-31,Barren soils / barren land,soil [ENVO:00001998],"temperate broadleaf forest biome [ENVO:01000202], temperate mixed forest biome [ENVO:01000212]",,"USA: OH, Toledo, Kitty Todd Nature Preserve",41.6191246 N 83.7873466 W,soil [ENVO:00001998],MIMAG Metagenome-assembled Genome sample from Planosporangium sp.,resultados/cicloadicion/neighborhoods/MHH6667889_1.fasta
77,WP_055471433.1,thiopeptide maturation pyridine synthase,Streptomyces pathocidini,,WP_055471433.1,3,Streptomyces pathocidini,thiopeptide maturation pyridine synthase,False,RefSeq,Streptomyces pathocidini,NPDC020327,GCF_044387625.1,NZ_JBIRWE010000009.1,SAMN43994151,Streptomyces pathocidini,Actinomycetota,Actinomycetes,Kitasatosporales,Streptomycetaceae,Streptomyces,cellular organisms; Bacteria; Bacillati; Actinomycetota; Actinomycetes; Kitasatosporales; Streptomycetaceae; Streptomyces,1980-05-07,not applicable,not applicable,not applicable,,not applicable,not applicable,,MIGS Cultured Bacterial/Archaeal sample from Streptomyces pathocidini,resultados/cicloadicion/neighborhoods/WP_055471433_1.fasta
78,WP_258790275.1,lantibiotic dehydratase C-terminal domain-containing protein,Streptomyces pyxinae,,WP_258790275.1,2,Streptomyces pyxinae,lantibiotic dehydratase C-terminal domain-containing protein,False,RefSeq,Streptomyces pyxinae,LP05-1,GCF_024756275.1,NZ_JANUGQ010000028.1,SAMN30100938,Streptomyces pyxinae,Actinomycetota,Actinomycetes,Kitasatosporales,Streptomycetaceae,Streptomyces,cellular organisms; Bacteria; Bacillati; Actinomycetota; Actinomycetes; Kitasatosporales; Streptomycetaceae; Streptomyces,2019-12-25,,,,Pyxine cocoes,"Thailand: Park, Bangkok",,lichen from tree bark,Microbe sample from Streptomyces pyxinae,resultados/cicloadicion/neighborhoods/WP_258790275_1.fasta
