Accession	Source Database	Name	Tax ID	Tax Name	Length	Entry Accession	Matches
A0A023DEE5	unreviewed	YcaO domain-containing protein	1220594	Parageobacillus caldoxylosilyticus NBRC 107762	647	PF02624	264..602
A0A024QH40	unreviewed	YcaO domain-containing protein	61016	Virgibacillus salexigens	649	PF02624	300..615
A0A073JWK2	unreviewed	YcaO domain-containing protein	574376	Bacillus manliponensis	642	PF02624	260..597
A0A073JYK3	unreviewed	YcaO domain-containing protein	574376	Bacillus manliponensis	751	PF02624	391..709
A0A073K4V2	unreviewed	YcaO domain-containing protein	574375	Bacillus gaemokensis	412	PF02624	64..384
A0A073KIP5	unreviewed	YcaO domain-containing protein	574375	Bacillus gaemokensis	649	PF02624	266..604
A0A074LIF9	unreviewed	YcaO domain-containing protein	1157490	Tumebacillus flagellatus	734	PF02624	377..702
A0A074LUZ5	unreviewed	YcaO domain-containing protein	1157490	Tumebacillus flagellatus	675	PF02624	292..630
A0A075R4Z1	unreviewed	YcaO domain-containing protein	1042163	Brevibacillus laterosporus LMG 15441	404	PF02624	241..394
A0A075R6V1	unreviewed	YcaO domain-containing protein	1042163	Brevibacillus laterosporus LMG 15441	647	PF02624	264..602
A0A081NY75	unreviewed	YcaO domain-containing protein	1501230	Paenibacillus tyrphae	647	PF02624	263..602
A0A081NYH0	unreviewed	YcaO domain-containing protein	1501230	Paenibacillus tyrphae	425	PF02624	55..383
A0A081P336	unreviewed	YcaO domain-containing protein	1501230	Paenibacillus tyrphae	647	PF02624	264..602
A0A090YAN5	unreviewed	YcaO domain-containing protein	44252	Paenibacillus macerans	681	PF02624	298..636
A0A090YLV8	unreviewed	YcaO domain-containing protein	2338372	Bacillus clarus	649	PF02624	266..604
A0A090YSM3	unreviewed	YcaO domain-containing protein	2338372	Bacillus clarus	411	PF02624	64..384
A0A094WFR9	unreviewed	YcaO domain-containing protein	1218173	Alkalihalobacillus alcalophilus ATCC 27647 = CGMCC 1.3604	432	PF02624	167..422
A0A097PT71	unreviewed	YcaO domain-containing protein	69966	Macrococcoides caseolyticum	563	PF02624	183..525
A0A098MCM8	unreviewed	YcaO domain-containing protein	268407	Paenibacillus wynnii	639	PF02624	267..601
A0A0A3IX68	unreviewed	YcaO domain-containing protein	1384049	Ureibacillus manganicus DSM 26584	393	PF02624	42..360
A0A0A8WXT9	unreviewed	YcaO domain-containing protein	1321606	Mesobacillus selenatarsenatis (strain DSM 18680 / JCM 14380 / FERM P-15431 / SF-1)	648	PF02624	264..603
A0A0F4LKD2	unreviewed	YcaO domain-containing protein	1218506	Lactobacillus kimbladii	330	PF02624	104..220
A0A0H2UUD9	unreviewed	YcaO domain-containing protein	198466	Streptococcus pyogenes serotype M3 (strain ATCC BAA-595 / MGAS315)	452	PF02624	69..421
A0A0J6ETN4	unreviewed	YcaO domain-containing protein	1664069	Bacillus glycinifermentans	644	PF02624	261..599
A0A0K9GV37	unreviewed	YcaO domain-containing protein	1679170	Peribacillus loiseleuriae	646	PF02624	263..601
A0A0M0G6P5	unreviewed	YcaO domain-containing protein	189381	Rossellomorea marisflavi	541	PF02624	179..506
A0A0M0GDF0	unreviewed	YcaO domain-containing protein	1459	Sporosarcina globispora	647	PF02624	264..602
A0A0M0L9I3	unreviewed	YcaO domain-containing protein	284581	Priestia koreensis	370	PF02624	73..275
A0A0M0LA49	unreviewed	YcaO domain-containing protein	284581	Priestia koreensis	352	PF02624	81..221
A0A0M0LMA0	unreviewed	YcaO domain-containing protein	263475	Viridibacillus arvi	487	PF02624	134..452
A0A0M1P0G8	unreviewed	YcaO domain-containing protein	1705565	Paenibacillus solani	460	PF02624	87..416
A0A0M2STH8	unreviewed	YcaO domain-containing protein	1408103	Mesobacillus campisalis	646	PF02624	263..601
A0A0M4FE11	unreviewed	YcaO domain-containing protein	1441095	Bacillus gobiensis	647	PF02624	264..602
A0A0P6SLU4	unreviewed	YcaO domain-containing protein	119224	Streptococcus phocae	452	PF02624	69..421
A0A0P9EAH3	unreviewed	YcaO domain-containing protein	471514	Paenalicyclobacillus ferrooxydans	689	PF02624	300..644
A0A0P9GQH3	unreviewed	YcaO domain-containing protein	471514	Paenalicyclobacillus ferrooxydans	652	PF02624	262..607
A0A0P9GR65	unreviewed	YcaO domain-containing protein	471514	Paenalicyclobacillus ferrooxydans	712	PF02624	276..667
A0A0Q3QTW8	unreviewed	YcaO domain-containing protein	1637975	Cytobacillus solani	648	PF02624	264..603
A0A0R1KK20	unreviewed	YcaO domain-containing protein	1423788	Companilactobacillus bobalius DSM 19674	352	PF02624	109..251
A0A0R1TQA4	unreviewed	YcaO domain-containing protein	1423724	Ligilactobacillus apodemi DSM 16634 = JCM 16172	327	PF02624	2..307
A0A0U1NXZ7	unreviewed	YcaO domain-containing protein	1499688	Neobacillus massiliamazoniensis	646	PF02624	263..601
A0A0U2VAB5	unreviewed	YcaO domain-containing protein	162209	Paenibacillus naphthalenovorans	649	PF02624	266..604
A0A0U2VWM9	unreviewed	YcaO domain-containing protein	118060	Enterococcus rotai	516	PF02624	160..471
A0A0U2W9H4	unreviewed	YcaO domain-containing protein	162209	Paenibacillus naphthalenovorans	648	PF02624	265..603
A0A0U2WVK9	unreviewed	YcaO domain-containing protein	118060	Enterococcus rotai	541	PF02624	53..370
A0A0V8HPI2	unreviewed	YcaO domain-containing protein	1402860	[Bacillus] enclensis	648	PF02624	264..603
A0A0V8J210	unreviewed	YcaO domain-containing protein	1017270	Fictibacillus enclensis	646	PF02624	264..601
A0A101XNX8	unreviewed	YcaO domain-containing protein	1765683	Ferroacidibacillus organovorans	356	PF02624	55..350
A0A109N1P2	unreviewed	YcaO domain-containing protein	1478	Peribacillus simplex	647	PF02624	264..602
A0A150FBJ4	unreviewed	YcaO domain-containing protein	1793963	Bacillus nakamurai	448	PF02624	65..404
A0A160F855	unreviewed	YcaO domain-containing protein	294699	Anoxybacteroides amylolyticum	433	PF02624	65..391
A0A160INZ2	unreviewed	YcaO domain-containing protein	1221500	Fictibacillus phosphorivorans	646	PF02624	264..601
A0A161UTV3	unreviewed	YcaO domain-containing protein	189691	Paenibacillus elgii	647	PF02624	264..602
A0A163SIW0	unreviewed	YcaO domain-containing protein	1221500	Fictibacillus phosphorivorans	648	PF02624	266..603
A0A163TQG3	unreviewed	YcaO domain-containing protein	189691	Paenibacillus elgii	647	PF02624	263..602
A0A178A8I0	unreviewed	YcaO domain-containing protein	217031	Lederbergia galactosidilytica	646	PF02624	263..601
A0A178T5E6	unreviewed	YcaO domain-containing protein	33934	Anoxybacillus flavithermus	304	PF02624	34..169
A0A179SY12	unreviewed	YcaO domain-containing protein	152268	Metabacillus litoralis	648	PF02624	264..603
A0A1B1L2E3	unreviewed	YcaO domain-containing protein	1428	Bacillus thuringiensis	649	PF02624	266..604
A0A1B1Z2C4	unreviewed	YcaO domain-containing protein	255247	Fictibacillus arsenicus	646	PF02624	264..601
A0A1B3XTI5	unreviewed	YcaO domain-containing protein	264697	Peribacillus muralis	646	PF02624	263..601
A0A1C0ZVE3	unreviewed	YcaO domain-containing protein	512399	Paenibacillus pectinilyticus	632	PF02624	249..587
A0A1E5G8H3	unreviewed	YcaO domain-containing protein	903984	Enterococcus ureasiticus	514	PF02624	159..469
A0A1E5G8K6	unreviewed	YcaO domain-containing protein	903984	Enterococcus ureasiticus	540	PF02624	53..372
A0A1E5H5T0	unreviewed	YcaO domain-containing protein	332950	Enterococcus termitis	557	PF02624	178..515
A0A1G4QB85	unreviewed	YcaO domain-containing protein	624147	Paenibacillus tianmuensis	647	PF02624	263..602
A0A1G6AF68	unreviewed	YcaO domain-containing protein	439219	Streptococcus henryi	408	PF02624	57..383
A0A1G8QI61	unreviewed	YcaO domain-containing protein	930129	Alteribacillus bidgolensis	645	PF02624	262..600
A0A1G8R8N7	unreviewed	YcaO domain-containing protein	930129	Alteribacillus bidgolensis	648	PF02624	264..603
A0A1G9ZXJ4	unreviewed	YcaO domain-containing protein	459525	Fictibacillus solisalsi	646	PF02624	264..601
A0A1H0GGP7	unreviewed	YcaO domain-containing protein	240303	Halobacillus aidingensis	648	PF02624	264..603
A0A1H2PYU4	unreviewed	YcaO domain-containing protein	1048340	Marininema mesophilum	648	PF02624	265..603
A0A1H2W3K9	unreviewed	YcaO domain-containing protein	89784	Alicyclobacillus hesperidum	659	PF02624	269..614
A0A1H6ZG88	unreviewed	YcaO domain-containing protein	426757	Bhargavaea ginsengi	571	PF02624	193..529
A0A1H8ZXI7	unreviewed	YcaO domain-containing protein	89093	Ignavigranum ruoffiae	384	PF02624	53..367
A0A1H9X4Z2	unreviewed	YcaO domain-containing protein	1601833	Salipaludibacillus aurantiacus	646	PF02624	263..601
A0A1I2N395	unreviewed	YcaO domain-containing protein	396056	Halobacillus alkaliphilus	648	PF02624	264..603
A0A1I3SEA3	unreviewed	YcaO domain-containing protein	46223	Thermoflavimicrobium dichotomicum	126	PF02624	10..81
A0A1I3T4C2	unreviewed	YcaO domain-containing protein	46223	Thermoflavimicrobium dichotomicum	126	PF02624	10..81
A0A1I3UDG8	unreviewed	YcaO domain-containing protein	46223	Thermoflavimicrobium dichotomicum	463	PF02624	264..459
A0A1I3V9A5	unreviewed	YcaO domain-containing protein	46223	Thermoflavimicrobium dichotomicum	463	PF02624	264..459
A0A1I4C340	unreviewed	YcaO domain-containing protein	54910	Brevibacillus centrosporus	647	PF02624	264..602
A0A1I4J7U6	unreviewed	YcaO domain-containing protein	334253	Gracilibacillus orientalis	535	PF02624	162..489
A0A1I6C4M0	unreviewed	YcaO domain-containing protein	1121089	Priestia endophytica DSM 13796	648	PF02624	264..603
A0A1I6QKW5	unreviewed	YcaO domain-containing protein	1155944	Marininema halotolerans	648	PF02624	265..603
A0A1I7IH39	unreviewed	YcaO domain-containing protein	315405	Streptococcus gallolyticus	404	PF02624	52..358
A0A1I7JV14	unreviewed	YcaO domain-containing protein	392015	Paenalicyclobacillus macrosporangiidus	644	PF02624	261..599
A0A1I7LFX4	unreviewed	YcaO domain-containing protein	392015	Paenalicyclobacillus macrosporangiidus	644	PF02624	260..599
A0A1J6W0S1	unreviewed	YcaO domain-containing protein	189382	Rossellomorea aquimaris	648	PF02624	264..603
A0A1M4TZC4	unreviewed	YcaO domain-containing protein	112248	Seinonella peptonophila	645	PF02624	263..600
A0A1Q8EB87	unreviewed	YcaO domain-containing protein	1326	Streptococcus acidominimus	455	PF02624	173..429
A0A1R1QN94	unreviewed	YcaO domain-containing protein	1925020	Bacillus swezeyi	642	PF02624	259..597
A0A1T2X1E1	unreviewed	YcaO domain-containing protein	1324314	Paenibacillus selenitireducens	649	PF02624	266..604
A0A1U7PP69	unreviewed	YcaO domain-containing protein	550447	Edaphobacillus lindanitolerans	574	PF02624	196..532
A0A1U9KBV4	unreviewed	YcaO domain-containing protein	1471761	Novibacillus thermophilus	643	PF02624	261..603
A0A1V4HL52	unreviewed	YcaO domain-containing protein	1469647	Paenibacillus ferrarius	633	PF02624	250..588
A0A1V4HRI3	unreviewed	YcaO domain-containing protein	1469647	Paenibacillus ferrarius	647	PF02624	264..602
A0A1W5ZSF5	unreviewed	YcaO domain-containing protein	402384	Halobacillus mangrovi	648	PF02624	264..603
A0A1X7GBJ3	unreviewed	Bacteriocin biosynthesis protein SagD	1402861	Priestia filamentosa	648	PF02624	264..603
A0A1X7HUM6	unreviewed	YcaO domain-containing protein	1313296	Paenibacillus uliginis N3/975	647	PF02624	264..602
A0A1Y0ITH4	unreviewed	YcaO domain-containing protein	1903704	Tumebacillus avium	663	PF02624	271..619
A0A223D1D0	unreviewed	YcaO domain-containing protein	1214604	Tumebacillus algifaecis	662	PF02624	270..618
A0A223D4P4	unreviewed	YcaO domain-containing protein	1214604	Tumebacillus algifaecis	753	PF02624	384..716
A0A223KNH3	unreviewed	YcaO domain-containing protein	33932	Sutcliffiella cohnii	595	PF02624	216..553
A0A223KVV7	unreviewed	YcaO domain-containing protein	33932	Sutcliffiella cohnii	651	PF02624	261..607
A0A226QN69	unreviewed	YcaO domain-containing protein	883812	Parageobacillus galactosidasius	647	PF02624	264..602
A0A229UI07	unreviewed	YcaO domain-containing protein	554312	Paenibacillus rigui	647	PF02624	264..602
A0A235B3K0	unreviewed	YcaO domain-containing protein	1642702	Paludifilum halophilum	647	PF02624	264..602
A0A235F4V4	unreviewed	YcaO domain-containing protein	2021314	Fictibacillus aquaticus	497	PF02624	115..452
A0A248TG05	unreviewed	YcaO domain-containing protein	859143	Cytobacillus kochii	642	PF02624	259..597
A0A248TPT2	unreviewed	YcaO domain-containing protein	859143	Cytobacillus kochii	348	PF02624	106..311
A0A248TPY5	unreviewed	YcaO domain-containing protein	859143	Cytobacillus kochii	373	PF02624	80..336
A0A256L8P4	unreviewed	YcaO domain-containing protein	508451	Lactobacillus taiwanensis	437	PF02624	68..407
A0A285D8K1	unreviewed	YcaO domain-containing protein	1448271	Bacillus oleivorans	646	PF02624	263..601
A0A285UPC0	unreviewed	YcaO domain-containing protein	614649	Ureibacillus acetophenoni	402	PF02624	51..369
A0A292YP87	unreviewed	YcaO domain-containing protein	1348429	Effusibacillus lacus	647	PF02624	263..602
A0A2A5RJ27	unreviewed	YcaO domain-containing protein	1291764	Lactococcus fujiensis JCM 16395	718	PF02624	374..683
A0A2G6Q781	unreviewed	YcaO domain-containing protein	2039284	Bacillus fungorum	649	PF02624	266..604
A0A2K4AGR5	unreviewed	YcaO domain-containing protein	1654388	Staphylococcus schweitzeri	441	PF02624	69..410
A0A2N0ZIH4	unreviewed	YcaO domain-containing protein	549687	Cytobacillus horneckiae	646	PF02624	263..601
A0A2N5GLC3	unreviewed	YcaO domain-containing protein	1403243	Bacillus canaveralius	647	PF02624	264..602
A0A2N5HXW5	unreviewed	YcaO domain-containing protein	1740721	Neobacillus cucumis	646	PF02624	263..601
A0A2N5N0G7	unreviewed	YcaO domain-containing protein	217090	Paenibacillus pasadenensis	459	PF02624	86..415
A0A2P7UID1	unreviewed	YcaO domain-containing protein	2126352	Brevibacillus fortis	647	PF02624	266..602
A0A2P7VK41	unreviewed	YcaO domain-containing protein	2126352	Brevibacillus fortis	646	PF02624	263..601
A0A2R5EL29	unreviewed	YcaO domain-containing protein	171404	Paenibacillus agaridevorans	647	PF02624	264..602
A0A2S5D201	unreviewed	YcaO domain-containing protein	1421	Lysinibacillus sphaericus	427	PF02624	65..389
A0A2T4Z7W9	unreviewed	YcaO domain-containing protein	1121389	Desmospora activa DSM 45169	562	PF02624	230..543
A0A2T4ZAW7	unreviewed	YcaO domain-containing protein	1121389	Desmospora activa DSM 45169	645	PF02624	263..600
A0A2T6C4G9	unreviewed	YcaO domain-containing protein	1242148	Melghirimyces profundicolus	647	PF02624	264..602
A0A2T6C8S5	unreviewed	YcaO domain-containing protein	1242148	Melghirimyces profundicolus	649	PF02624	266..604
A0A2U3AEN4	unreviewed	YcaO domain-containing protein	202750	Kurthia sibirica	348	PF02624	98..260
A0A2U3AEQ0	unreviewed	YcaO domain-containing protein	202750	Kurthia sibirica	307	PF02624	83..190
A0A2V2YS38	unreviewed	YcaO domain-containing protein	375489	Paenibacillus cellulosilyticus	643	PF02624	260..598
A0A2V4UVA5	unreviewed	YcaO domain-containing protein	198119	Paenibacillus barcinonensis	366	PF02624	41..244
A0A2V4VLN8	unreviewed	YcaO domain-containing protein	198119	Paenibacillus barcinonensis	346	PF02624	103..224
A0A2W1L201	unreviewed	YcaO domain-containing protein	1803190	Paenibacillus sambharensis	650	PF02624	257..606
A0A2W1NAX0	unreviewed	YcaO domain-containing protein	1977292	Paenibacillus xerothermodurans	647	PF02624	262..602
A0A316DPG7	unreviewed	YcaO domain-containing protein	378543	Tumebacillus permanentifrigoris	705	PF02624	343..668
A0A327YEC5	unreviewed	YcaO domain-containing protein	581036	Paranoxybacillus vitaminiphilus	647	PF02624	264..602
A0A329M4Z9	unreviewed	YcaO domain-containing protein	450362	Paenibacillus contaminans	627	PF02624	244..582
A0A329MSB3	unreviewed	YcaO domain-containing protein	450362	Paenibacillus contaminans	647	PF02624	264..602
A0A345PDK0	unreviewed	YcaO domain-containing protein	2052660	Oceanobacillus zhaokaii	648	PF02624	264..603
A0A366K2T4	unreviewed	YcaO domain-containing protein	1399	Cytobacillus firmus	647	PF02624	264..602
A0A368VQH8	unreviewed	YcaO domain-containing protein	630520	Paenibacillus prosopidis	647	PF02624	264..602
A0A371PE71	unreviewed	YcaO domain-containing protein	2292705	Paenibacillus paeoniae	637	PF02624	265..599
A0A371PFA1	unreviewed	YcaO domain-containing protein	2292705	Paenibacillus paeoniae	647	PF02624	264..602
A0A372KRP2	unreviewed	YcaO domain-containing protein	2173853	Streptococcus chenjunshii	254	PF02624	6..117
A0A372LGU3	unreviewed	YcaO domain-containing protein	2303991	Peribacillus glennii	647	PF02624	264..602
A0A372LMK9	unreviewed	YcaO domain-containing protein	2303992	Peribacillus saganii	646	PF02624	263..601
A0A376L4P1	unreviewed	YcaO domain-containing protein	1353	Enterococcus gallinarum	344	PF02624	84..235
A0A380GCV4	unreviewed	YcaO domain-containing protein	1141106	Staphylococcus intermedius NCTC 11048	406	PF02624	51..360
A0A380JBF2	unreviewed	YcaO domain-containing protein	764290	Streptococcus downei MFe28	576	PF02624	222..546
A0A380JDU6	unreviewed	YcaO domain-containing protein	764290	Streptococcus downei MFe28	559	PF02624	191..519
A0A380JZB5	unreviewed	YcaO domain-containing protein	1337	Streptococcus hyointestinalis	559	PF02624	191..519
A0A380K030	unreviewed	YcaO domain-containing protein	1337	Streptococcus hyointestinalis	557	PF02624	203..527
A0A380L333	unreviewed	YcaO domain-containing protein	33040	Streptococcus milleri	452	PF02624	69..421
A0A398B7B0	unreviewed	YcaO domain-containing protein	1917180	Mesobacillus zeae	648	PF02624	264..603
A0A398BGA9	unreviewed	YcaO domain-containing protein	228899	Peribacillus asahii	647	PF02624	263..602
A0A3A6PPZ5	unreviewed	YcaO domain-containing protein	1276110	Paenibacillus pinisoli	647	PF02624	264..602
A0A3B0CI86	unreviewed	YcaO domain-containing protein	400777	Paenibacillus ginsengarvi	671	PF02624	287..626
A0A3B0CIB8	unreviewed	YcaO domain-containing protein	400777	Paenibacillus ginsengarvi	655	PF02624	270..610
A0A3D8GUB1	unreviewed	YcaO domain-containing protein	2259171	Neobacillus piezotolerans	646	PF02624	263..601
A0A3D8PUI0	unreviewed	YcaO domain-containing protein	1229152	Oceanobacillus chungangensis	647	PF02624	264..602
A0A3D8PXQ6	unreviewed	YcaO domain-containing protein	1229153	Oceanobacillus arenosus	648	PF02624	264..603
A0A3E0JE00	unreviewed	YcaO domain-containing protein	156205	Halobacillus trueperi	648	PF02624	264..603
A0A3G3JVG0	unreviewed	YcaO domain-containing protein	2674991	Cohnella candida	647	PF02624	264..602
A0A3G3JXK7	unreviewed	YcaO domain-containing protein	2674991	Cohnella candida	647	PF02624	264..602
A0A3G9IKQ4	unreviewed	Uncharacterized protein	1712516	Paenibacillus baekrokdamisoli	647	PF02624	264..602
A0A3L7JVE2	unreviewed	YcaO domain-containing protein	2478915	Falsibacillus albus	428	PF02624	76..390
A0A3M8B620	unreviewed	YcaO domain-containing protein	51101	Brevibacillus agri	370	PF02624	85..334
A0A3M8B6D7	unreviewed	YcaO domain-containing protein	1655277	Brevibacillus gelatini	646	PF02624	263..601
A0A3M8B7C6	unreviewed	YcaO domain-containing protein	51101	Brevibacillus agri	359	PF02624	105..220
A0A3M8BXK7	unreviewed	YcaO domain-containing protein	173959	Brevibacillus invocatus	460	PF02624	77..415
A0A3M8CR10	unreviewed	YcaO domain-containing protein	651560	Brevibacillus nitrificans	647	PF02624	264..602
A0A3M8DTL5	unreviewed	YcaO domain-containing protein	511487	Brevibacillus fluminis	647	PF02624	264..602
A0A3P3U4R5	unreviewed	YcaO domain-containing protein	2490856	Paenibacillus oralis	672	PF02624	289..627
A0A3P3UA58	unreviewed	YcaO domain-containing protein	2490856	Paenibacillus oralis	464	PF02624	66..421
A0A3P5Y3Y4	unreviewed	YcaO domain-containing protein	1329	Streptococcus canis	452	PF02624	69..421
A0A3R8N053	unreviewed	YcaO domain-containing protein	2172545	Streptococcus halitosis	445	PF02624	54..412
A0A3S9UTD1	unreviewed	YcaO domain-containing protein	2707005	Paenibacillus lutimineralis	465	PF02624	92..421
A0A3S9V231	unreviewed	YcaO domain-containing protein	2707005	Paenibacillus lutimineralis	644	PF02624	261..599
A0A3T0HS91	unreviewed	YcaO domain-containing protein	1193713	Neobacillus mesonae	646	PF02624	263..601
A0A410MC59	unreviewed	YcaO domain-containing protein	45668	Halobacillus litoralis	568	PF02624	189..475
A0A410WR90	unreviewed	YcaO domain-containing protein	79263	Paenibacillus chitinolyticus	647	PF02624	264..602
A0A417YZV9	unreviewed	YcaO domain-containing protein	1578198	Neobacillus notoginsengisoli	646	PF02624	263..601
A0A429XVH5	unreviewed	YcaO domain-containing protein	2321395	Siminovitchia acidinfaciens	646	PF02624	263..601
A0A443ITZ6	unreviewed	YcaO domain-containing protein	254758	Siminovitchia fortis	646	PF02624	263..601
A0A494YDM3	unreviewed	YcaO domain-containing protein	2419778	Cohnella endophytica	647	PF02624	264..602
A0A498D6H2	unreviewed	YcaO domain-containing protein	2448030	Oceanobacillus piezotolerans	648	PF02624	264..603
A0A498D6U9	unreviewed	YcaO domain-containing protein	2448030	Oceanobacillus piezotolerans	569	PF02624	189..527
A0A4Q9DN47	unreviewed	YcaO domain-containing protein	2527873	Paenibacillus thalictri	660	PF02624	264..615
A0A4R1APU5	unreviewed	YcaO domain-containing protein	1742358	Cytobacillus praedii	648	PF02624	264..603
A0A4R1QFG0	unreviewed	YcaO domain-containing protein	575256	Thermolongibacillus altinsuensis	647	PF02624	264..602
A0A4R2BJR3	unreviewed	YcaO domain-containing protein	279826	Mesobacillus foraminis	645	PF02624	262..600
A0A4R4EA83	unreviewed	YcaO domain-containing protein	2545760	Paenibacillus albiflavus	647	PF02624	264..602
A0A4R4ECG6	unreviewed	YcaO domain-containing protein	2545760	Paenibacillus albiflavus	646	PF02624	267..601
A0A4R5KT20	unreviewed	YcaO domain-containing protein	2547395	Paenibacillus piri	647	PF02624	264..602
A0A4R8LJG7	unreviewed	YcaO domain-containing protein	392010	Alicyclobacillus sacchari	659	PF02624	269..614
A0A4S4C5B4	unreviewed	TOMM leader peptide-binding protein	2567941	Metabacillus sediminilitoris	646	PF02624	263..601
A0A4U0FAF5	unreviewed	YcaO domain-containing protein	2564100	Cohnella pontilimi	647	PF02624	264..602
A0A4U0FGB2	unreviewed	YcaO domain-containing protein	2564100	Cohnella pontilimi	650	PF02624	267..605
A0A4U1D0Q9	unreviewed	YcaO domain-containing protein	1037680	Robertmurraya kyonggiensis	648	PF02624	264..603
A0A4U2XZ87	unreviewed	YcaO domain-containing protein	1130819	Lysinibacillus mangiferihumi	350	PF02624	102..303
A0A4U2XZC1	unreviewed	YcaO domain-containing protein	1130819	Lysinibacillus mangiferihumi	337	PF02624	107..214
A0A4U2Y516	unreviewed	YcaO domain-containing protein	2570228	Brevibacillus antibioticus	646	PF02624	263..601
A0A4V2ZTQ4	unreviewed	YcaO domain-containing protein	2547395	Paenibacillus piri	643	PF02624	260..598
A0A4V5TJ07	unreviewed	YcaO domain-containing protein	2570228	Brevibacillus antibioticus	432	PF02624	63..390
A0A4Y3PD41	unreviewed	YcaO domain-containing protein	54914	Brevibacillus parabrevis	644	PF02624	261..599
A0A4Y3PRJ7	unreviewed	YcaO domain-containing protein	54914	Brevibacillus parabrevis	359	PF02624	105..220
A0A4Y3PU81	unreviewed	YcaO domain-containing protein	54914	Brevibacillus parabrevis	370	PF02624	85..334
A0A4Y6UYX0	unreviewed	YcaO domain-containing protein	2583377	Saccharibacillus brassicae	468	PF02624	95..423
A0A4Y8M1A1	unreviewed	YcaO domain-containing protein	652876	Cohnella luojiensis	647	PF02624	264..602
A0A4Y8M2V7	unreviewed	YcaO domain-containing protein	652876	Cohnella luojiensis	647	PF02624	264..602
A0A4Y9ABZ3	unreviewed	YcaO domain-containing protein	175306	Lentibacillus salicampi	425	PF02624	71..388
A0A502IIX4	unreviewed	Uncharacterized protein	1465	Brevibacillus laterosporus	425	PF02624	55..383
A0A511VBW2	unreviewed	YcaO domain-containing protein	267746	Aneurinibacillus danicus	647	PF02624	264..602
A0A511Z5W2	unreviewed	YcaO domain-containing protein	582850	Sporosarcina luteola	429	PF02624	68..398
A0A518VET5	unreviewed	YcaO domain-containing protein	1465	Brevibacillus laterosporus	647	PF02624	264..602
A0A559JGX8	unreviewed	YcaO domain-containing protein	1289167	Cohnella terricola	647	PF02624	264..602
A0A559JK84	unreviewed	YcaO domain-containing protein	2163881	Paenibacillus cremeus	647	PF02624	264..602
A0A559JQ49	unreviewed	YcaO domain-containing protein	1289167	Cohnella terricola	632	PF02624	264..602
A0A559K6L1	unreviewed	YcaO domain-containing protein	2163881	Paenibacillus cremeus	651	PF02624	268..606
A0A561CH60	unreviewed	YcaO domain-containing protein	220685	Neobacillus bataviensis	646	PF02624	263..601
A0A562K6V1	unreviewed	YcaO domain-containing protein	665099	Cytobacillus oceanisediminis	647	PF02624	264..602
A0A5B8Z8W9	unreviewed	YcaO domain-containing protein	1742359	Cytobacillus dafuensis	647	PF02624	264..602
A0A5C0WNN0	unreviewed	YcaO domain-containing protein	561879	Bacillus safensis	448	PF02624	65..404
A0A5C4TAD9	unreviewed	YcaO domain-containing protein	1172614	Paenibacillus hemerocallicola	647	PF02624	264..602
A0A5C4TB92	unreviewed	YcaO domain-containing protein	1172614	Paenibacillus hemerocallicola	633	PF02624	248..588
A0A5J5I5I1	unreviewed	YcaO domain-containing protein	2036016	Niallia endozanthoxylica	648	PF02624	264..603
A0A5M9GYS0	unreviewed	YcaO domain-containing protein	2026186	Bacillus paranthracis	649	PF02624	266..604
A0A679FWP2	unreviewed	YcaO domain-containing protein	129338	Geobacillus subterraneus	433	PF02624	65..391
A0A6B3VS32	unreviewed	YcaO domain-containing protein	2672567	Bacillus aquiflavi	567	PF02624	194..530
A0A6B8RL69	unreviewed	YcaO domain-containing protein	1778678	Paenibacillus psychroresistens	648	PF02624	265..603
A0A6C0FWN5	unreviewed	YcaO domain-containing protein	2704462	Paenibacillus lycopersici	643	PF02624	260..598
A0A6C0NXT1	unreviewed	YcaO domain-containing protein	2704463	Paenibacillus rhizovicinus	643	PF02624	260..598
A0A6G9J1A3	unreviewed	Ribosomal protein S12 methylthiotransferase accessory factor	1223503	Parageobacillus toebii NBRC 107807	647	PF02624	264..602
A0A6H2GSQ6	unreviewed	YcaO domain-containing protein	2726185	Paenibacillus albicereus	458	PF02624	85..414
A0A6I1FRA0	unreviewed	YcaO domain-containing protein	2653354	Bacillus aerolatus	647	PF02624	264..602
A0A6I4VZN5	unreviewed	YcaO domain-containing protein	2690964	Shimazuella alba	644	PF02624	261..599
A0A6I6YVX8	unreviewed	YcaO domain-containing protein	2026187	Bacillus pacificus	429	PF02624	66..391
A0A6L3VFE1	unreviewed	YcaO domain-containing protein	1602942	Cytobacillus depressus	647	PF02624	264..602
A0A6L7HPD9	unreviewed	YcaO domain-containing protein	1392	Bacillus anthracis	649	PF02624	266..604
A0A6L8USG7	unreviewed	YcaO domain-containing protein	2606219	Paenibacillus silvestris	632	PF02624	249..587
A0A7I8D8K2	unreviewed	YcaO domain-containing protein	2743772	Effusibacillus dendaii	647	PF02624	264..602
A0A7V7UTR0	unreviewed	YcaO domain-containing protein	1071718	Bacillus mesophilum	650	PF02624	260..606
A0A7W0BWG8	unreviewed	YcaO domain-containing protein	575178	[Anoxybacillus] calidus	409	PF02624	26..364
A0A7W0BYL5	unreviewed	YcaO domain-containing protein	247480	Thermaerobacillus caldiproteolyticus	647	PF02624	264..602
A0A7W1XB68	unreviewed	YcaO domain-containing protein	1329516	Thermoactinomyces daqus	647	PF02624	264..602
A0A7W2A9W6	unreviewed	YcaO domain-containing protein	1490290	Paenactinomyces guangxiensis	647	PF02624	263..602
A0A7W2AQZ8	unreviewed	YcaO domain-containing protein	2756294	Thermoactinomyces mirandus	648	PF02624	264..603
A0A7W3N7M9	unreviewed	YcaO domain-containing protein	412384	Priestia aryabhattai	646	PF02624	263..601
A0A7X0HR29	unreviewed	YcaO domain-containing protein	1456	Bacillus benzoevorans	707	PF02624	324..662
A0A7X0RW20	unreviewed	YcaO domain-containing protein	1387779	Cohnella nanjingensis	647	PF02624	264..602
A0A7X0SMG3	unreviewed	YcaO domain-containing protein	2761120	Cohnella zeiphila	647	PF02624	264..602
A0A7X2V5N0	unreviewed	YcaO domain-containing protein	1491830	Metabacillus mangrovi	637	PF02624	251..592
A0A7X2Z897	unreviewed	YcaO domain-containing protein	44253	Paenibacillus validus	646	PF02624	263..601
A0A7X2ZCS1	unreviewed	YcaO domain-containing protein	44253	Paenibacillus validus	647	PF02624	264..602
A0A7X3IES2	unreviewed	YcaO domain-containing protein	2691084	Paenibacillus dendrobii	649	PF02624	266..604
A0A7X3IKJ8	unreviewed	YcaO domain-containing protein	2691084	Paenibacillus dendrobii	614	PF02624	232..575
A0A7X3LI13	unreviewed	YcaO domain-containing protein	2691084	Paenibacillus dendrobii	645	PF02624	253..605
A0A7X4YNP5	unreviewed	YcaO domain-containing protein	742054	Paenibacillus sacheonensis	646	PF02624	263..601
A0A7Z2VIM4	unreviewed	YcaO domain-containing protein	2728023	Cohnella herbarum	647	PF02624	264..602
A0A837KQW1	unreviewed	YcaO domain-containing protein	54913	Brevibacillus formosus	646	PF02624	263..601
A0A841TF00	unreviewed	YcaO domain-containing protein	2163172	Cohnella lubricantis	650	PF02624	265..605
A0A841TVW6	unreviewed	YcaO domain-containing protein	557555	Cohnella xylanilytica	647	PF02624	263..602
A0A845E8W8	unreviewed	YcaO domain-containing protein	45668	Halobacillus litoralis	648	PF02624	264..603
A0A850QZG8	unreviewed	YcaO domain-containing protein	2675299	Bombilactobacillus apium	512	PF02624	157..468
A0A850R1I0	unreviewed	YcaO domain-containing protein	2675299	Bombilactobacillus apium	344	PF02624	73..296
A0A8D5UE44	unreviewed	YcaO domain-containing protein	1125966	Polycladomyces abyssicola	647	PF02624	264..602
A0A8H9EPX5	unreviewed	YcaO domain-containing protein	283734	Staphylococcus pseudintermedius	406	PF02624	51..360
A0A8J2VJA2	unreviewed	YcaO domain-containing protein	1571185	Marinithermofilum abyssi	648	PF02624	265..603
A0A8J3F251	unreviewed	YcaO domain-containing protein	1516104	Gottfriedia solisilvae	647	PF02624	264..602
A0A916JUL1	unreviewed	YcaO domain-containing protein	2048548	Paenibacillus solanacearum	646	PF02624	263..601
A0A916K805	unreviewed	YcaO domain-containing protein	2048548	Paenibacillus solanacearum	645	PF02624	262..600
A0A916RU13	unreviewed	YcaO domain-containing protein	1274357	Ornithinibacillus halotolerans	646	PF02624	259..602
A0A916YU77	unreviewed	YcaO domain-containing protein	1652958	Paenibacillus nasutitermitis	646	PF02624	263..601
A0A917AL88	unreviewed	YcaO domain-containing protein	1347902	Priestia taiwanensis	522	PF02624	165..487
A0A917ANZ2	unreviewed	YcaO domain-containing protein	1347902	Priestia taiwanensis	647	PF02624	264..602
A0A917FQP5	unreviewed	YcaO domain-containing protein	1340531	Paenibacillus abyssi	646	PF02624	264..601
A0A917FTC5	unreviewed	YcaO domain-containing protein	1340531	Paenibacillus abyssi	647	PF02624	264..602
A0A917V0J6	unreviewed	YcaO domain-containing protein	340214	Lentibacillus kapialis	368	PF02624	112..238
A0A917V112	unreviewed	YcaO domain-containing protein	340214	Lentibacillus kapialis	345	PF02624	77..214
A0A917XYQ6	unreviewed	YcaO domain-containing protein	1004261	Oceanobacillus indicireducens	648	PF02624	264..603
A0A919WLE7	unreviewed	YcaO domain-containing protein	77777	Robertmurraya siralis	646	PF02624	263..601
A0A919XDP1	unreviewed	YcaO domain-containing protein	2716884	Paenibacillus albilobatus	649	PF02624	266..604
A0A919XL43	unreviewed	YcaO domain-containing protein	2716884	Paenibacillus albilobatus	645	PF02624	252..605
A0A919YCI7	unreviewed	YcaO domain-containing protein	116718	Paenibacillus azoreducens	636	PF02624	247..596
A0A919YIL2	unreviewed	YcaO domain-containing protein	116718	Paenibacillus azoreducens	648	PF02624	252..606
A0A919YLU3	unreviewed	YcaO domain-containing protein	116718	Paenibacillus azoreducens	649	PF02624	266..604
A0A920CAF6	unreviewed	YcaO domain-containing protein	2716884	Paenibacillus albilobatus	613	PF02624	232..574
A0A920CMH1	unreviewed	YcaO domain-containing protein	116718	Paenibacillus azoreducens	614	PF02624	233..576
A0A923L8G2	unreviewed	YcaO domain-containing protein	2763055	Ornithinibacillus hominis	533	PF02624	138..492
A0A926NLV4	unreviewed	YcaO domain-containing protein	2771434	Metabacillus arenae	646	PF02624	263..601
A0A927H3F1	unreviewed	YcaO domain-containing protein	2772510	Paenibacillus oceani	654	PF02624	268..609
A0A927H3Y3	unreviewed	YcaO domain-containing protein	2772510	Paenibacillus oceani	647	PF02624	264..602
A0A927HCE0	unreviewed	YcaO domain-containing protein	2772559	Peribacillus faecalis	645	PF02624	262..600
A0A927MG71	unreviewed	YcaO domain-containing protein	34101	Sporosarcina limicola	373	PF02624	78..261
A0A927R4V8	unreviewed	YcaO domain-containing protein	34101	Sporosarcina limicola	343	PF02624	79..216
A0A931AV20	unreviewed	YcaO domain-containing protein	2771493	Enterococcus lacertideformus	348	PF02624	129..326
A0A931AXY1	unreviewed	YcaO domain-containing protein	2771493	Enterococcus lacertideformus	440	PF02624	192..421
A0A940SHX2	unreviewed	YcaO domain-containing protein	2820819	Gottfriedia endophytica	642	PF02624	260..597
A0A942TGR2	unreviewed	YcaO domain-containing protein	2833580	Lederbergia citri	646	PF02624	263..601
A0A942U4P3	unreviewed	YcaO domain-containing protein	2833579	Neobacillus rhizophilus	646	PF02624	263..601
A0A942UM10	unreviewed	YcaO domain-containing protein	2833581	Lederbergia citrea	647	PF02624	264..602
A0A942YBQ6	unreviewed	YcaO domain-containing protein	2833578	Neobacillus citreus	646	PF02624	263..601
A0A944CJT5	unreviewed	YcaO domain-containing protein	308892	Mesobacillus boroniphilus	649	PF02624	265..604
A0A972GPR0	unreviewed	YcaO domain-containing protein	2654974	Paenibacillus foliorum	647	PF02624	264..602
A0A972GU29	unreviewed	YcaO domain-containing protein	2654974	Paenibacillus foliorum	646	PF02624	260..601
A0A974NQJ5	unreviewed	YcaO domain-containing protein	1407	Peribacillus psychrosaccharolyticus	643	PF02624	260..598
A0A9C7G7U6	unreviewed	YcaO domain-containing protein	2880968	Pseudoneobacillus rhizosphaerae	647	PF02624	264..602
A0A9E6ZRX2	unreviewed	YcaO domain-containing protein	1356854	Alicyclobacillus acidoterrestris (strain ATCC 49025 / DSM 3922 / CIP 106132 / NCIMB 13137 / GD3B)	598	PF02624	210..553
A0A9E8M0D5	unreviewed	YcaO domain-containing protein	2980027	Fervidibacillus halotolerans	337	PF02624	97..332
A0A9E8RVN4	unreviewed	YcaO domain-containing protein	2980026	Fervidibacillus albus	430	PF02624	69..399
A0A9E8RXD4	unreviewed	YcaO domain-containing protein	2980027	Fervidibacillus halotolerans	430	PF02624	69..399
A0A9W3KSF9	unreviewed	YcaO domain-containing protein	1330043	Bacillus bombysepticus str. Wang	649	PF02624	266..604
A0A9W5S0I3	unreviewed	YcaO domain-containing protein	1380763	Paenibacillus darwinianus	650	PF02624	265..605
A0A9X2B535	unreviewed	YcaO domain-containing protein	2931978	Paenibacillus mangrovi	649	PF02624	266..604
A0A9X2BDV8	unreviewed	YcaO domain-containing protein	2878389	Fictibacillus marinisediminis	646	PF02624	264..601
A0A9X3TNL8	unreviewed	YcaO domain-containing protein	33942	Brevibacillus thermoruber	647	PF02624	264..602
A0A9X7VUL1	unreviewed	YcaO domain-containing protein	2931921	Paenalicyclobacillus mengziensis	657	PF02624	267..612
A0A9X7VX04	unreviewed	YcaO domain-containing protein	2931921	Paenalicyclobacillus mengziensis	653	PF02624	263..608
A0A9X7W350	unreviewed	YcaO domain-containing protein	2931921	Paenalicyclobacillus mengziensis	657	PF02624	274..612
A0AA48RB96	unreviewed	YcaO domain-containing protein	927786	Brevibacillus aydinogluensis	647	PF02624	264..602
A0AA48RCP1	unreviewed	YcaO domain-containing protein	927786	Brevibacillus aydinogluensis	442	PF02624	71..398
A0AA90TTY3	unreviewed	YcaO domain-containing protein	2547811	Bacillus salipaludis	646	PF02624	263..601
A0AA95MNG1	unreviewed	YcaO domain-containing protein	220687	Neobacillus novalis	645	PF02624	263..600
A0AA96LFY6	unreviewed	YcaO domain-containing protein	2918900	Paenibacillus aurantius	646	PF02624	263..601
A0AAC8NAG4	unreviewed	YcaO domain-containing protein	1392	Bacillus anthracis	649	PF02624	266..604
A0AAC9RTH7	unreviewed	YcaO domain-containing protein	155085	Staphylococcus lutrae	406	PF02624	52..360
A0AAC9RUQ9	unreviewed	YcaO domain-containing protein	155085	Staphylococcus lutrae	347	PF02624	90..267
A0AAJ1T061	unreviewed	YcaO domain-containing protein	1325931	Oikeobacillus pervagus	647	PF02624	264..602
A0AAJ2JUT1	unreviewed	YcaO domain-containing protein	3077233	Paenibacillus suaedae	651	PF02624	266..606
A0AAJ2JWI9	unreviewed	YcaO domain-containing protein	3077233	Paenibacillus suaedae	649	PF02624	266..604
A0AAJ5RIV8	unreviewed	YcaO domain-containing protein	2998077	Lysinibacillus irui	558	PF02624	179..516
A0AAN0YNH7	unreviewed	YcaO domain-containing protein	1426	Parageobacillus thermoglucosidasius	647	PF02624	264..602
A0AAN2PLE0	unreviewed	YcaO domain-containing protein	1478	Peribacillus simplex	647	PF02624	264..602
A0AAN2UHM4	unreviewed	YcaO domain-containing protein	178001	Leuconostoc inhae	343	PF02624	101..238
A0AAP4CKQ3	unreviewed	YcaO domain-containing protein	2026187	Bacillus pacificus	649	PF02624	266..604
A0AAP8GZ74	unreviewed	YcaO domain-containing protein	1405	Bacillus mycoides	649	PF02624	266..604
A0AAP9IZL9	unreviewed	YcaO domain-containing protein	49283	Paenibacillus thiaminolyticus	649	PF02624	266..604
A0AAV4LJZ4	unreviewed	YcaO domain-containing protein	2771369	Collibacillus ludicampi	647	PF02624	264..602
A0AAW5E2R4	unreviewed	YcaO domain-containing protein	2918902	Fredinandcohnia quinoae	646	PF02624	263..601
A0AAW9ACW8	unreviewed	YcaO domain-containing protein	633404	Sporosarcina thermotolerans	646	PF02624	264..601
A0AAW9NE99	unreviewed	YcaO domain-containing protein	450367	Peribacillus frigoritolerans	647	PF02624	264..602
A0AAX0QSY1	unreviewed	YcaO domain-containing protein	53344	Staphylococcus delphini	346	PF02624	92..248
A0AAX6LIG4	unreviewed	YcaO domain-containing protein	1589	Lactiplantibacillus pentosus	436	PF02624	63..392
A0AB33AJY6	unreviewed	YcaO domain-containing protein	1076934	Streptococcus lutetiensis 033	404	PF02624	52..358
A0AB94II74	unreviewed	YcaO domain-containing protein	1131730	Neobacillus vireti LMG 21834	646	PF02624	263..601
A0ABD7ZMD2	unreviewed	YcaO domain-containing protein	2026188	Bacillus tropicus	649	PF02624	266..604
A0ABD7ZSZ1	unreviewed	YcaO domain-containing protein	2026188	Bacillus tropicus	574	PF02624	196..532
A0ABM5M0S0	unreviewed	YcaO domain-containing protein	720555	Bacillus atrophaeus (strain 1942)	436	PF02624	65..394
A0ABM5QIL3	unreviewed	YcaO domain-containing protein	1346	Streptococcus iniae	423	PF02624	69..307
A0ABM6W3L2	unreviewed	YcaO domain-containing protein	1310	Streptococcus sobrinus	558	PF02624	189..518
A0ABM6WW94	unreviewed	YcaO domain-containing protein	1622	Ligilactobacillus murinus	406	PF02624	70..386
A0ABM6XIL6	unreviewed	YcaO domain-containing protein	421767	Peribacillus butanolivorans	647	PF02624	264..602
A0ABM7E534	unreviewed	YcaO domain-containing protein	2026189	Bacillus albus	649	PF02624	266..604
A0ABM8BEW9	unreviewed	YcaO domain-containing protein	2976676	Lactobacillus xylocopicola	390	PF02624	120..369
A0ABM8BIL8	unreviewed	YcaO domain-containing protein	2976676	Lactobacillus xylocopicola	322	PF02624	52..296
A0ABM8VA73	unreviewed	YcaO domain-containing protein	2849866	Paenibacillus allorhizosphaerae	646	PF02624	263..601
A0ABM8VR31	unreviewed	YcaO domain-containing protein	2849866	Paenibacillus allorhizosphaerae	644	PF02624	261..599
A0ABM8YF25	unreviewed	YcaO domain-containing protein	2880966	Bacillus rhizoplanae	647	PF02624	264..602
A0ABM8YMK2	unreviewed	YcaO domain-containing protein	2880967	Sutcliffiella rhizosphaerae	525	PF02624	167..489
A0ABM8YU50	unreviewed	YcaO domain-containing protein	2880967	Sutcliffiella rhizosphaerae	648	PF02624	264..603
A0ABM9CS03	unreviewed	YcaO domain-containing protein	2905649	Paenibacillus auburnensis	457	PF02624	84..413
A0ABM9V5F1	unreviewed	YcaO domain-containing protein	115778	Leuconostoc gasicomitatum	543	PF02624	210..517
A0ABN0GSY0	unreviewed	YcaO domain-containing protein	699248	Streptococcus ratti FA-1 = DSM 20564	345	PF02624	97..230
A0ABN0Y6P4	unreviewed	YcaO domain-containing protein	295324	Paenibacillus motobuensis	644	PF02624	261..599
A0ABN5AHV1	unreviewed	YcaO domain-containing protein	119858	Bacillus sonorensis	644	PF02624	261..599
A0ABN6GN70	unreviewed	YcaO domain-containing protein	28038	Latilactobacillus curvatus	562	PF02624	192..522
A0ABN8KWF9	unreviewed	YcaO domain-containing protein	2880965	Neobacillus rhizosphaerae	646	PF02624	263..601
A0ABP2L1M0	unreviewed	YcaO domain-containing protein	873448	Streptococcus porcinus str. Jelinkova 176	452	PF02624	69..421
A0ABP2UUZ5	unreviewed	YcaO domain-containing protein	1140001	Enterococcus durans ATCC 6056	437	PF02624	69..406
A0ABP3G8W8	unreviewed	YcaO domain-containing protein	86663	Bacillus carboniphilus	646	PF02624	263..601
A0ABP3I5F4	unreviewed	YcaO domain-containing protein	295324	Paenibacillus motobuensis	649	PF02624	266..604
A0ABP3IK00	unreviewed	YcaO domain-containing protein	295324	Paenibacillus motobuensis	465	PF02624	92..421
A0ABP7VGJ0	unreviewed	YcaO domain-containing protein	1076330	Amphibacillus indicireducens	555	PF02624	196..513
A0ABQ0SLX9	unreviewed	YcaO domain-containing protein	51101	Brevibacillus agri	646	PF02624	263..601
A0ABQ0TH07	unreviewed	YcaO domain-containing protein	54915	Brevibacillus reuszeri	647	PF02624	264..602
A0ABQ1EYG9	unreviewed	YcaO domain-containing protein	1619310	Paenibacillus marchantiophytorum	556	PF02624	173..511
A0ABQ1VNL5	unreviewed	YcaO domain-containing protein	1820010	Paenibacillus aceti	644	PF02624	261..599
A0ABQ1VYY1	unreviewed	YcaO domain-containing protein	1820010	Paenibacillus aceti	465	PF02624	92..421
A0ABQ1YBI3	unreviewed	YcaO domain-containing protein	1325360	Paenibacillus segetis	644	PF02624	261..599
A0ABQ1ZS92	unreviewed	YcaO domain-containing protein	2060666	Saccharibacillus endophyticus	556	PF02624	163..515
A0ABQ2A0Q6	unreviewed	YcaO domain-containing protein	2060666	Saccharibacillus endophyticus	447	PF02624	74..403
A0ABQ2L1X7	unreviewed	YcaO domain-containing protein	459527	Saccharibacillus kuerlensis	447	PF02624	74..403
A0ABQ3N8L9	unreviewed	YcaO domain-containing protein	2759023	Neobacillus kokaensis	646	PF02624	263..601
A0ABQ4KAL8	unreviewed	YcaO domain-containing protein	254759	Siminovitchia fordii	646	PF02624	263..601
A0ABQ4KU62	unreviewed	YcaO domain-containing protein	1914933	Siminovitchia terrae	646	PF02624	263..601
A0ABQ4LWL7	unreviewed	YcaO domain-containing protein	157839	Paenibacillus cookii	645	PF02624	252..605
A0ABQ4LWP9	unreviewed	YcaO domain-containing protein	157839	Paenibacillus cookii	613	PF02624	232..574
A0ABQ4MCH6	unreviewed	YcaO domain-containing protein	1476024	Paenibacillus vini	644	PF02624	261..599
A0ABQ4MLS6	unreviewed	YcaO domain-containing protein	307580	Paenibacillus woosongensis	646	PF02624	263..601
A0ABQ4N3D7	unreviewed	YcaO domain-containing protein	1658519	Paenibacillus cisolokensis	650	PF02624	268..605
A0ABR5A0G3	unreviewed	YcaO domain-containing protein	1590652	Cohnella kolymensis	648	PF02624	265..603
A0ABR5AIT8	unreviewed	YcaO domain-containing protein	1590651	Gordoniibacillus kamchatkensis	644	PF02624	261..599
A0ABR5APR1	unreviewed	YcaO domain-containing protein	1455	Pseudobacillus badius	448	PF02624	67..404
A0ABR5N6Z7	unreviewed	YcaO domain-containing protein	54911	Brevibacillus choshinensis	647	PF02624	264..602
A0ABR5PTF3	unreviewed	YcaO domain-containing protein	1423761	Lactobacillus intestinalis DSM 6629	436	PF02624	69..405
A0ABR6CVH9	unreviewed	YcaO domain-containing protein	1501239	Peribacillus huizhouensis	646	PF02624	263..601
A0ABR6STM3	unreviewed	YcaO domain-containing protein	2713502	Listeria immobilis	405	PF02624	52..359
A0ABR8N0M5	unreviewed	YcaO domain-containing protein	2763503	Paenibacillus terricola	643	PF02624	260..598
A0ABR8N256	unreviewed	YcaO domain-containing protein	2763503	Paenibacillus terricola	646	PF02624	263..601
A0ABR8P695	unreviewed	YcaO domain-containing protein	2268022	Limosilactobacillus walteri	432	PF02624	69..401
A0ABR8QTJ5	unreviewed	YcaO domain-containing protein	2762240	Cytobacillus stercorigallinarum	642	PF02624	259..597
A0ABR8STF4	unreviewed	YcaO domain-containing protein	2762233	Fictibacillus norfolkensis	646	PF02624	264..601
A0ABR8VQ67	unreviewed	YcaO domain-containing protein	2762217	Bacillus norwichensis	647	PF02624	264..602
A0ABS0LT36	unreviewed	YcaO domain-containing protein	2749967	Facklamia lactis	581	PF02624	238..551
A0ABS1J9N8	unreviewed	YcaO domain-containing protein	2801339	Tumebacillus amylolyticus	663	PF02624	272..619
A0ABS1JDS2	unreviewed	YcaO domain-containing protein	2801339	Tumebacillus amylolyticus	650	PF02624	267..605
A0ABS1JGT8	unreviewed	YcaO domain-containing protein	2801339	Tumebacillus amylolyticus	693	PF02624	338..663
A0ABS2NHY6	unreviewed	YcaO domain-containing protein	992288	Rossellomorea pakistanensis	647	PF02624	264..602
A0ABS2QVA6	unreviewed	YcaO domain-containing protein	2291674	Priestia iocasae	646	PF02624	263..601
A0ABS2RAS6	unreviewed	YcaO domain-containing protein	1245522	Siminovitchia thermophila	647	PF02624	264..602
A0ABS2WK37	unreviewed	YcaO domain-containing protein	2807616	Polycladomyces zharkentensis	647	PF02624	264..602
A0ABS2ZS11	unreviewed	YcaO domain-containing protein	742169	Fictibacillus nanhaiensis	646	PF02624	264..601
A0ABS3GWH7	unreviewed	YcaO domain-containing protein	2815326	Candidatus Enterococcus ikei	437	PF02624	69..406
A0ABS3HYV0	unreviewed	YcaO domain-containing protein	2815329	Candidatus Enterococcus courvalinii	468	PF02624	90..327
A0ABS3NYQ0	unreviewed	YcaO domain-containing protein	2819290	Bacillus arachidis	649	PF02624	266..604
A0ABS4D2N9	unreviewed	YcaO domain-containing protein	1840411	Bacillus capparidis	647	PF02624	264..602
A0ABS4FSJ4	unreviewed	YcaO domain-containing protein	160487	Paenibacillus turicensis	395	PF02624	59..375
A0ABS4HQH2	unreviewed	YcaO domain-containing protein	869555	Paenibacillus aceris	632	PF02624	249..587
A0ABS4HQP2	unreviewed	YcaO domain-containing protein	869555	Paenibacillus aceris	647	PF02624	264..602
A0ABS4J476	unreviewed	YcaO domain-containing protein	1355755	Paenibacillus eucommiae	657	PF02624	264..612
A0ABS4NPI4	unreviewed	YcaO domain-containing protein	1670801	Paenibacillus silagei	612	PF02624	233..573
A0ABS4NPK1	unreviewed	YcaO domain-containing protein	1670801	Paenibacillus silagei	647	PF02624	254..607
A0ABS5LAY0	unreviewed	YcaO domain-containing protein	2823519	Metabacillus flavus	642	PF02624	257..597
A0ABS5MCP4	unreviewed	YcaO domain-containing protein	1944633	Ornithinibacillus massiliensis	423	PF02624	58..385
A0ABS5MFS1	unreviewed	YcaO domain-containing protein	1944633	Ornithinibacillus massiliensis	533	PF02624	138..492
A0ABS5NYP8	unreviewed	YcaO domain-containing protein	2833586	Cytobacillus citreus	647	PF02624	264..602
A0ABS7URD7	unreviewed	YcaO domain-containing protein	2875709	Metabacillus rhizolycopersici	646	PF02624	263..601
A0ABS8YA08	unreviewed	YcaO domain-containing protein	1173085	Paenibacillus profundus	347	PF02624	108..310
A0ABS8YAC1	unreviewed	YcaO domain-containing protein	1173085	Paenibacillus profundus	369	PF02624	79..272
A0ABS8YCS9	unreviewed	YcaO domain-containing protein	1173085	Paenibacillus profundus	649	PF02624	266..604
A0ABS8YHC6	unreviewed	YcaO domain-containing protein	1173085	Paenibacillus profundus	576	PF02624	182..535
A0ABS8YP92	unreviewed	YcaO domain-containing protein	1173085	Paenibacillus profundus	649	PF02624	266..604
A0ABS9GXH3	unreviewed	YcaO domain-containing protein	1069813	Pseudalkalibacillus berkeleyi	368	PF02624	85..303
A0ABS9GXU1	unreviewed	YcaO domain-containing protein	1069813	Pseudalkalibacillus berkeleyi	373	PF02624	102..246
A0ABS9GY94	unreviewed	YcaO domain-containing protein	1069813	Pseudalkalibacillus berkeleyi	645	PF02624	262..600
A0ABT0M9Q8	unreviewed	YcaO domain-containing protein	2940498	Sporolactobacillus mangiferae	367	PF02624	114..330
A0ABT0MAB8	unreviewed	YcaO domain-containing protein	2940498	Sporolactobacillus mangiferae	350	PF02624	110..220
A0ABT1YBI8	unreviewed	YcaO domain-containing protein	2972489	Paenibacillus radicis (ex Xue et al. 2023)	647	PF02624	264..602
A0ABT1YSI6	unreviewed	YcaO domain-containing protein	2972489	Paenibacillus radicis (ex Xue et al. 2023)	644	PF02624	261..599
A0ABT2DJ11	unreviewed	YcaO domain-containing protein	2973932	Lysinibacillus pinottii	557	PF02624	178..515
A0ABT2F5S1	unreviewed	YcaO domain-containing protein	2973939	Streptococcus sciuri	347	PF02624	57..334
A0ABT2U8D8	unreviewed	YcaO domain-containing protein	2982185	Paenibacillus baimaensis	647	PF02624	263..602
A0ABT2ULT8	unreviewed	YcaO domain-containing protein	2982185	Paenibacillus baimaensis	646	PF02624	263..601
A0ABT3DH19	unreviewed	YcaO domain-containing protein	930124	Metabacillus halosaccharovorans	648	PF02624	264..603
A0ABT3EXT2	unreviewed	YcaO domain-containing protein	2983392	Bacillus pretiosus	649	PF02624	266..604
A0ABT4E935	unreviewed	YcaO domain-containing protein	44250	Paenibacillus alvei	649	PF02624	266..604
A0ABT4EG03	unreviewed	YcaO domain-containing protein	44250	Paenibacillus alvei	651	PF02624	266..606
A0ABT4EUP5	unreviewed	YcaO domain-containing protein	582475	Lysinibacillus xylanilyticus	548	PF02624	155..506
A0ABT4G4G3	unreviewed	YcaO domain-containing protein	49283	Paenibacillus thiaminolyticus	645	PF02624	262..600
A0ABT4GAF8	unreviewed	YcaO domain-containing protein	59839	Paenibacillus alginolyticus	647	PF02624	264..602
A0ABT4GTY0	unreviewed	YcaO domain-containing protein	44250	Paenibacillus alvei	648	PF02624	264..603
A0ABT4HUM8	unreviewed	YcaO domain-containing protein	1507437	Brevibacillus halotolerans	647	PF02624	264..602
A0ABT4HUU9	unreviewed	YcaO domain-containing protein	1507437	Brevibacillus halotolerans	438	PF02624	68..396
A0ABT4Q4N2	unreviewed	YcaO domain-containing protein	3388067	Paenibacillus gyeongsangnamensis	648	PF02624	265..603
A0ABT4Q4P7	unreviewed	YcaO domain-containing protein	3388067	Paenibacillus gyeongsangnamensis	646	PF02624	263..601
A0ABT4QBP2	unreviewed	YcaO domain-containing protein	3388067	Paenibacillus gyeongsangnamensis	642	PF02624	258..597
A0ABT4XAL8	unreviewed	YcaO domain-containing protein	3004103	Bacillus changyiensis	641	PF02624	258..596
A0ABT5VFK5	unreviewed	YcaO domain-containing protein	2980103	Alkalihalobacterium chitinilyticum	646	PF02624	263..601
A0ABT6H601	unreviewed	YcaO domain-containing protein	2486280	Ectobacillus antri	640	PF02624	257..595
A0ABT7R4D0	unreviewed	YcaO domain-containing protein	2817478	Bacillus hominis	649	PF02624	266..604
A0ABT8EDH4	unreviewed	YcaO domain-containing protein	3058424	Fictibacillus terranigra	647	PF02624	264..602
A0ABT8EDM2	unreviewed	YcaO domain-containing protein	3058424	Fictibacillus terranigra	646	PF02624	264..601
A0ABT8HWC0	unreviewed	YcaO domain-containing protein	3058422	Fictibacillus fluitans	646	PF02624	264..601
A0ABT8ILR0	unreviewed	YcaO domain-containing protein	1016997	Polycladomyces subterraneus	647	PF02624	264..602
A0ABT8V8S2	unreviewed	YcaO domain-containing protein	79264	Paenibacillus ehimensis	647	PF02624	263..602
A0ABT9CJT8	unreviewed	YcaO domain-containing protein	3064525	Paenibacillus lacisoli	434	PF02624	70..392
A0ABT9DPF8	unreviewed	YcaO domain-containing protein	2944916	Bacillus cabrialesii subsp. tritici	436	PF02624	65..394
A0ABT9ITK0	unreviewed	YcaO domain-containing protein	3064388	Chengkuizengella axinellae	537	PF02624	172..502
A0ABT9V6A7	unreviewed	YcaO domain-containing protein	1325932	Anoxybacillus andreesenii	357	PF02624	103..224
A0ABT9V6A9	unreviewed	YcaO domain-containing protein	1325932	Anoxybacillus andreesenii	341	PF02624	107..276
A0ABT9W281	unreviewed	YcaO domain-containing protein	77523	Caldalkalibacillus horti	552	PF02624	187..517
A0ABT9WRI1	unreviewed	YcaO domain-containing protein	587633	Bacillus chungangensis	647	PF02624	264..602
A0ABT9XJI5	unreviewed	YcaO domain-containing protein	1457	Paenalicyclobacillus cycloheptanicus	655	PF02624	266..610
A0ABT9XJQ6	unreviewed	YcaO domain-containing protein	1457	Paenalicyclobacillus cycloheptanicus	650	PF02624	267..605
A0ABT9XX36	unreviewed	YcaO domain-containing protein	904295	Neobacillus ginsengisoli	646	PF02624	263..601
A0ABT9Z9G9	unreviewed	YcaO domain-containing protein	324854	Metabacillus niabensis	648	PF02624	264..603
A0ABU0A6G0	unreviewed	YcaO domain-containing protein	1334	Streptococcus dysgalactiae	452	PF02624	69..421
A0ABU0AET2	unreviewed	YcaO domain-containing protein	863449	Cytobacillus purgationiresistens	646	PF02624	263..601
A0ABU0CW24	unreviewed	YcaO domain-containing protein	353224	Caldalkalibacillus uzonensis	647	PF02624	264..602
A0ABU0D704	unreviewed	YcaO domain-containing protein	1347903	Lederbergia wuyishanensis	646	PF02624	263..601
A0ABU0VA26	unreviewed	YcaO domain-containing protein	2054641	Bacillus stercoris	436	PF02624	65..394
A0ABU1IJ46	unreviewed	YcaO domain-containing protein	1571184	Desmospora profundinema	641	PF02624	258..596
A0ABU1TWV3	unreviewed	YcaO domain-containing protein	182136	Fictibacillus barbaricus	646	PF02624	264..601
A0ABU3RK49	unreviewed	YcaO domain-containing protein	3077234	Paenibacillus violae	632	PF02624	249..587
A0ABU4GCL5	unreviewed	YcaO domain-containing protein	359365	Sporosarcina saromensis	429	PF02624	68..398
A0ABU5K0K7	unreviewed	YcaO domain-containing protein	1150157	Bacillus bingmayongensis	649	PF02624	266..604
A0ABU6BKJ0	unreviewed	YcaO domain-containing protein	1430331	Geobacillus icigianus	366	PF02624	42..261
A0ABU6DCX2	unreviewed	YcaO domain-containing protein	59842	Paenibacillus chondroitinus	632	PF02624	249..587
A0ABU6FWY4	unreviewed	YcaO domain-containing protein	1197127	Paenibacillus alba	633	PF02624	250..588
A0ABU6GK77	unreviewed	YcaO domain-containing protein	2567944	Paenibacillus dokdonensis	644	PF02624	261..599
A0ABU6GK98	unreviewed	YcaO domain-containing protein	2567944	Paenibacillus dokdonensis	649	PF02624	266..604
A0ABU6MRL9	unreviewed	YcaO domain-containing protein	2026194	Bacillus paramycoides	649	PF02624	266..604
A0ABU6NCW5	unreviewed	YcaO domain-containing protein	2014075	Bacillus xiapuensis	646	PF02624	263..601
A0ABU6NNB0	unreviewed	YcaO domain-containing protein	2598861	Shouchella miscanthi	339	PF02624	78..215
A0ABU6NQE7	unreviewed	YcaO domain-containing protein	2598861	Shouchella miscanthi	378	PF02624	76..261
A0ABU6P640	unreviewed	YcaO domain-containing protein	2026193	Bacillus nitratireducens	649	PF02624	266..604
A0ABU7VKT1	unreviewed	YcaO domain-containing protein	302167	Virgibacillus dokdonensis	444	PF02624	54..407
A0ABU7VQ29	unreviewed	YcaO domain-containing protein	1574488	Paenibacillus haidiansis	645	PF02624	262..600
A0ABU8FKD6	unreviewed	YcaO domain-containing protein	3127667	Bacillus bruguierae	647	PF02624	264..602
A0ABU8FQQ2	unreviewed	YcaO domain-containing protein	3127665	Bacillus yunxiaonensis	647	PF02624	264..602
A0ABU8HHR6	unreviewed	YcaO domain-containing protein	2683610	Bacillus spongiae	372	PF02624	102..245
A0ABU8HI88	unreviewed	YcaO domain-containing protein	2683610	Bacillus spongiae	368	PF02624	80..282
A0ABU8HN28	unreviewed	YcaO domain-containing protein	2026191	Bacillus luti	649	PF02624	266..604
A0ABU9DME2	unreviewed	YcaO domain-containing protein	669464	Paenibacillus filicis	647	PF02624	264..602
A0ABU9DWW3	unreviewed	YcaO domain-containing protein	669464	Paenibacillus filicis	648	PF02624	266..603
A0ABU9K612	unreviewed	YcaO domain-containing protein	1396505	Rossellomorea oryzaecorticis	648	PF02624	264..603
A0ABV0I501	unreviewed	YcaO domain-containing protein	3142938	Limosilactobacillus allomucosae	427	PF02624	68..395
A0ABV1L2J4	unreviewed	YcaO domain-containing protein	2873699	Cohnella silvisoli	647	PF02624	264..602
A0ABV2G7D3	unreviewed	YcaO domain-containing protein	1265685	Bhargavaea ullalensis	574	PF02624	196..532
A0ABV2LI61	unreviewed	YcaO domain-containing protein	1610490	Fictibacillus halophilus	646	PF02624	264..601
A0ABV3IES3	unreviewed	YcaO domain-containing protein	2026192	Bacillus proteolyticus	649	PF02624	266..604
A0ABV4RUS9	unreviewed	YcaO domain-containing protein	2026190	Bacillus mobilis	649	PF02624	266..604
A0ABV4UUZ2	unreviewed	YcaO domain-containing protein	2594886	Paenibacillus oleatilyticus	647	PF02624	263..602
A0ABV4V0S3	unreviewed	YcaO domain-containing protein	2594886	Paenibacillus oleatilyticus	425	PF02624	55..383
A0ABV4YR05	unreviewed	YcaO domain-containing protein	3035913	Neobacillus driksii	648	PF02624	264..603
A0ABV5AAG8	unreviewed	YcaO domain-containing protein	392011	Alicyclobacillus fastidiosus	683	PF02624	292..638
A0ABV5AAJ1	unreviewed	YcaO domain-containing protein	392011	Alicyclobacillus fastidiosus	593	PF02624	203..548
A0ABV5AEH6	unreviewed	YcaO domain-containing protein	392011	Alicyclobacillus fastidiosus	650	PF02624	266..605
A0ABV5B9M7	unreviewed	YcaO domain-containing protein	1387834	Paenibacillus terreus	651	PF02624	271..606
A0ABV5KII3	unreviewed	YcaO domain-containing protein	1936118	Paenibacillus aurantiacus	454	PF02624	81..410
A0ABV5W3Y8	unreviewed	YcaO domain-containing protein	279208	Paenibacillus hodogayensis	647	PF02624	264..602
A0ABV5W4M8	unreviewed	YcaO domain-containing protein	279208	Paenibacillus hodogayensis	646	PF02624	261..601
A0ABV5WQ49	unreviewed	YcaO domain-containing protein	137993	Ectobacillus funiculus	646	PF02624	263..601
A0ABV6DFI4	unreviewed	YcaO domain-containing protein	747481	Paenibacillus chartarius	672	PF02624	287..627
A0ABV6DT07	unreviewed	YcaO domain-containing protein	747481	Paenibacillus chartarius	647	PF02624	264..602
A0ABV6DTA2	unreviewed	YcaO domain-containing protein	747481	Paenibacillus chartarius	429	PF02624	73..402
A0ABV6GJB2	unreviewed	YcaO domain-containing protein	283816	Metabacillus herbersteinensis	646	PF02624	263..601
A0ABV6KAI4	unreviewed	YcaO domain-containing protein	1548599	Halalkalibacter kiskunsagensis	646	PF02624	263..601
A0ABV6KYH0	unreviewed	YcaO domain-containing protein	641660	Robertmurraya beringensis	648	PF02624	264..603
A0ABV7AAU0	unreviewed	YcaO domain-containing protein	202260	Virgibacillus sediminis	578	PF02624	228..556
A0ABV8B4C9	unreviewed	YcaO domain-containing protein	1069116	Bacillus songklensis	647	PF02624	264..602
A0ABV8D2Y5	unreviewed	YcaO domain-containing protein	573564	Streptococcus dentapri	557	PF02624	190..517
A0ABV8JDQ9	unreviewed	YcaO domain-containing protein	1485204	Salinithrix halophila	644	PF02624	261..599
A0ABV8JW86	unreviewed	YcaO domain-containing protein	1783531	Paenibacillus xanthanilyticus	450	PF02624	77..406
A0ABV9Q1I0	unreviewed	YcaO domain-containing protein	1117041	Effusibacillus consociatus	548	PF02624	197..528
A0ABW0HIX9	unreviewed	YcaO domain-containing protein	425005	Cohnella soli	647	PF02624	263..602
A0ABW0KD28	unreviewed	YcaO domain-containing protein	516965	Paenibacillus aestuarii	647	PF02624	264..602
A0ABW0KE03	unreviewed	YcaO domain-containing protein	516965	Paenibacillus aestuarii	633	PF02624	250..588
A0ABW0QTQ9	unreviewed	YcaO domain-containing protein	425006	Cohnella yongneupensis	647	PF02624	264..602
A0ABW0TSR0	unreviewed	YcaO domain-containing protein	334736	Sporosarcina soli	647	PF02624	264..602
A0ABW0U0Y1	unreviewed	YcaO domain-containing protein	334735	Sporosarcina koreensis	647	PF02624	264..602
A0ABW1RIE6	unreviewed	YcaO domain-containing protein	2559914	Companilactobacillus huachuanensis	167	PF02624	63..158
A0ABW2NK44	unreviewed	YcaO domain-containing protein	2134037	Bhargavaea changchunensis	571	PF02624	193..529
A0ABW2RH09	unreviewed	YcaO domain-containing protein	110101	Laceyella putida	647	PF02624	264..602
A0ABW2RKL7	unreviewed	YcaO domain-containing protein	110101	Laceyella putida	653	PF02624	264..608
A0ABW2RL92	unreviewed	YcaO domain-containing protein	110101	Laceyella putida	644	PF02624	264..599
A0ABW2V5X2	unreviewed	YcaO domain-containing protein	1215385	Paenibacillus thermoaerophilus	647	PF02624	264..602
A0ABW3D6J4	unreviewed	YcaO domain-containing protein	629724	Paenibacillus residui	648	PF02624	265..603
A0ABW3DFU2	unreviewed	YcaO domain-containing protein	629724	Paenibacillus residui	646	PF02624	263..601
A0ABW3UHQ6	unreviewed	YcaO domain-containing protein	1133364	Paenibacillus vulneris	647	PF02624	264..602
A0ABW4DCM9	unreviewed	YcaO domain-containing protein	2807095	Paenibacillus farraposensis	634	PF02624	251..589
A0ABW4HP82	unreviewed	YcaO domain-containing protein	1274358	Oceanobacillus luteolus	647	PF02624	264..602
A0ABW4JD41	unreviewed	YcaO domain-containing protein	1661150	Alicyclobacillus fodiniaquatilis	665	PF02624	274..620
A0ABW4JKL3	unreviewed	YcaO domain-containing protein	1661150	Alicyclobacillus fodiniaquatilis	651	PF02624	266..606
A0ABW4JKR2	unreviewed	YcaO domain-containing protein	1661150	Alicyclobacillus fodiniaquatilis	660	PF02624	270..615
A0ABW4KCK7	unreviewed	YcaO domain-containing protein	1274353	Siminovitchia sediminis	648	PF02624	265..603
A0ABW4MKT3	unreviewed	YcaO domain-containing protein	2595041	Fredinandcohnia salidurans	647	PF02624	264..602
A0ABW5A0G0	unreviewed	YcaO domain-containing protein	1280370	Tumebacillus lipolyticus	662	PF02624	270..618
A0ABW5C3S5	unreviewed	YcaO domain-containing protein	1535204	Metabacillus endolithicus	648	PF02624	264..603
A0ABW5QRZ2	unreviewed	YcaO domain-containing protein	393250	Paenibacillus thailandensis	647	PF02624	264..602
A0ABW5QUD4	unreviewed	YcaO domain-containing protein	393250	Paenibacillus thailandensis	740	PF02624	373..703
A0ABW8RRA6	unreviewed	YcaO domain-containing protein	2547811	Bacillus salipaludis	645	PF02624	263..600
A0ABW8VVR3	unreviewed	YcaO domain-containing protein	1396505	Rossellomorea oryzaecorticis	648	PF02624	264..603
A0ABW9SYX3	unreviewed	YcaO domain-containing protein	66347	Paenibacillus campinasensis	464	PF02624	66..421
A0ABW9UGA8	unreviewed	YcaO domain-containing protein	2682845	Paenibacillus anseongensis	632	PF02624	249..587
A0ABX0F5P2	unreviewed	YcaO domain-containing protein	2705290	Saccharibacillus alkalitolerans	561	PF02624	167..520
A0ABX0JAE4	unreviewed	YcaO domain-containing protein	2716264	Paenibacillus agricola	646	PF02624	263..601
A0ABX0JC07	unreviewed	YcaO domain-containing protein	2716264	Paenibacillus agricola	648	PF02624	265..603
A0ABX1X2H4	unreviewed	YcaO domain-containing protein	2654975	Paenibacillus plantarum	633	PF02624	250..588
A0ABX1XEZ8	unreviewed	YcaO domain-containing protein	2654975	Paenibacillus plantarum	647	PF02624	264..602
A0ABX1Y2X4	unreviewed	YcaO domain-containing protein	2654977	Paenibacillus phytorum	647	PF02624	264..602
A0ABX1Y670	unreviewed	YcaO domain-containing protein	2654977	Paenibacillus phytorum	633	PF02624	250..588
A0ABX1ZAM8	unreviewed	YcaO domain-containing protein	2654979	Paenibacillus germinis	647	PF02624	264..602
A0ABX1ZEV4	unreviewed	YcaO domain-containing protein	2654976	Paenibacillus planticolens	647	PF02624	264..602
A0ABX1ZF52	unreviewed	YcaO domain-containing protein	2654976	Paenibacillus planticolens	632	PF02624	249..587
A0ABX2DS99	unreviewed	YcaO domain-containing protein	1873425	Paenibacillus tritici	411	PF02624	36..367
A0ABX2ZTS6	unreviewed	YcaO domain-containing protein	178774	Gottfriedia luciferensis	647	PF02624	264..602
A0ABX3CZ12	unreviewed	YcaO domain-containing protein	665099	Cytobacillus oceanisediminis	647	PF02624	264..602
A0ABX3I234	unreviewed	YcaO domain-containing protein	1925021	Bacillus haynesii	644	PF02624	261..599
A0ABX5DL85	unreviewed	YcaO domain-containing protein	1890302	Bacillus wiedmannii	412	PF02624	64..384
A0ABX5DYK6	unreviewed	YcaO domain-containing protein	1890302	Bacillus wiedmannii	649	PF02624	266..604
A0ABX5FSI9	unreviewed	YcaO domain-containing protein	2126350	Brevibacillus porteri	646	PF02624	263..601
A0ABX5FTK7	unreviewed	YcaO domain-containing protein	2126350	Brevibacillus porteri	647	PF02624	266..602
A0ABX6BUH3	unreviewed	YcaO domain-containing protein	28035	Staphylococcus lugdunensis	441	PF02624	69..410
A0ABX6G6L6	unreviewed	YcaO domain-containing protein	155322	Bacillus toyonensis	649	PF02624	266..604
A0ABX6S7N0	unreviewed	YcaO domain-containing protein	2745198	Metabacillus elymi	648	PF02624	264..603
A0ABX7AWQ5	unreviewed	YcaO domain-containing protein	2590012	Lysinibacillus agricola	634	PF02624	267..593
A0ABX7FN65	unreviewed	YcaO domain-containing protein	54911	Brevibacillus choshinensis	647	PF02624	264..602
A0ABX7LA26	unreviewed	YcaO domain-containing protein	2810347	Paenibacillus tianjinensis	457	PF02624	84..413
A0ABX8FCH2	unreviewed	YcaO domain-containing protein	859144	Cytobacillus gottheilii	650	PF02624	260..606
A0ABX8YES1	unreviewed	YcaO domain-containing protein	143495	Aneurinibacillus thermoaerophilus	647	PF02624	264..602
A0ABY1KG24	unreviewed	YcaO domain-containing protein	948756	Paenibacillus macquariensis	644	PF02624	261..599
A0ABY3AQN4	unreviewed	YcaO domain-containing protein	78057	Paenibacillus popilliae	651	PF02624	266..606
A0ABY3AQQ5	unreviewed	YcaO domain-containing protein	78057	Paenibacillus popilliae	363	PF02624	73..246
A0ABY3ARJ4	unreviewed	YcaO domain-containing protein	78057	Paenibacillus popilliae	352	PF02624	94..231
A0ABY3AV54	unreviewed	YcaO domain-containing protein	78057	Paenibacillus popilliae	649	PF02624	266..604
A0ABY3FTU5	unreviewed	YcaO domain-containing protein	1648923	Bacillus paralicheniformis	644	PF02624	261..599
A0ABY3PB47	unreviewed	YcaO domain-containing protein	2892440	Staphylococcus ratti	359	PF02624	100..309
A0ABY4CGC9	unreviewed	YcaO domain-containing protein	2901836	Fodinisporobacter ferrooxydans	647	PF02624	264..602
A0ABY4EM40	unreviewed	YcaO domain-containing protein	2932257	Halobacillus salinarum	639	PF02624	256..594
A0ABY4EYN6	unreviewed	YcaO domain-containing protein	2932256	Gracilibacillus caseinilyticus	424	PF02624	61..385
A0ABY4REZ7	unreviewed	YcaO domain-containing protein	2020716	Paenibacillus konkukensis	458	PF02624	260..452
A0ABY4RGM6	unreviewed	YcaO domain-containing protein	2020716	Paenibacillus konkukensis	185	PF02624	3..140
A0ABY4RHC9	unreviewed	YcaO domain-containing protein	2020716	Paenibacillus konkukensis	647	PF02624	264..602
A0ABY4RSW2	unreviewed	YcaO domain-containing protein	2020716	Paenibacillus konkukensis	646	PF02624	263..601
A0ABY4W8N4	unreviewed	YcaO domain-containing protein	2950604	Brevibacillus ruminantium	647	PF02624	264..602
A0ABY5SHD7	unreviewed	YcaO domain-containing protein	2909671	Paenibacillus spongiae	649	PF02624	266..604
A0ABY6Z9B2	unreviewed	YcaO domain-containing protein	1475485	Alicyclobacillus dauci	660	PF02624	270..615
A0ABY6ZCJ3	unreviewed	YcaO domain-containing protein	392011	Alicyclobacillus fastidiosus	662	PF02624	271..617
A0ABY6ZEK9	unreviewed	YcaO domain-containing protein	392011	Alicyclobacillus fastidiosus	660	PF02624	270..615
A0ABY6ZGS3	unreviewed	YcaO domain-containing protein	392011	Alicyclobacillus fastidiosus	651	PF02624	266..606
A0ABY9L3D5	unreviewed	YcaO domain-containing protein	3068305	Lacticaseibacillus parahuelsenbergensis	468	PF02624	90..328
A0ABY9T2H9	unreviewed	YcaO domain-containing protein	1393	Brevibacillus brevis	648	PF02624	264..603
A0ABY9VNP3	unreviewed	YcaO domain-containing protein	129985	Mesobacillus jeotgali	649	PF02624	265..604
A0ABZ2C8U9	unreviewed	YcaO domain-containing protein	1737571	Niallia oryzisoli	646	PF02624	263..601
A0ABZ2MNS8	unreviewed	YcaO domain-containing protein	3117747	Metabacillus rhizosphaerae	648	PF02624	264..603
A0ABZ2N8K5	unreviewed	YcaO domain-containing protein	3129297	Bacillus kandeliae	646	PF02624	263..601
A0ABZ2NIQ1	unreviewed	YcaO domain-containing protein	3117746	Metabacillus sediminis	642	PF02624	257..597
A0ABZ2T6F8	unreviewed	YcaO domain-containing protein	1834167	Candidatus Enterococcus lemimoniae	594	PF02624	251..567
A0ABZ2VKV2	unreviewed	YcaO domain-containing protein	2817477	Bacillus paramobilis	649	PF02624	266..604
A0ABZ2ZE88	unreviewed	YcaO domain-containing protein	3051614	Cytobacillus pseudoceanisediminis	647	PF02624	264..602
A0AC61T9T3	unreviewed	YcaO domain-containing protein	3088378	Bacillus dicomae	649	PF02624	266..604
A0ACC6P9C0	unreviewed	YcaO domain-containing protein	456493	Saccharibacillus sacchari	408	PF02624	45..367
A0ACD4C620	unreviewed	YcaO domain-containing protein	218284	Rossellomorea vietnamensis	647	PF02624	265..602
A0ACD4RA22	unreviewed	YcaO domain-containing protein	3048891	Metabacillus hrfriensis	646	PF02624	263..601
A0ACE2LEU5	unreviewed	YcaO domain-containing protein	1450204	Paenibacillus lupini	646	PF02624	263..601
A0ACE2PP86	unreviewed	YcaO domain-containing protein	370439	Mesobacillus thioparans	649	PF02624	265..604
A0ACE2PXW0	unreviewed	YcaO domain-containing protein	370439	Mesobacillus thioparans	453	PF02624	58..414
A0ACG2TDA3	unreviewed	YcaO domain-containing protein	86668	Neobacillus niacini	648	PF02624	264..603
A0ACG2XJZ6	unreviewed	YcaO domain-containing protein	86668	Neobacillus niacini	645	PF02624	263..600
A0ACG2XRQ8	unreviewed	YcaO domain-containing protein	86668	Neobacillus niacini	648	PF02624	264..603
A0ACG2YZ16	unreviewed	YcaO domain-containing protein	220684	Neobacillus drentensis	645	PF02624	262..600
A0ACG3XFB0	unreviewed	YcaO domain-containing protein	450367	Peribacillus frigoritolerans	647	PF02624	264..602
A0ACG4G1T4	unreviewed	YcaO domain-containing protein	3064889	Halobacillus rhizosphaerae	648	PF02624	264..603
A0ACG5ALH9	unreviewed	YcaO domain-containing protein	263474	Fredinandcohnia humi	419	PF02624	59..381
A0ACG7V9G7	unreviewed	YcaO domain-containing protein	28031	Lysinibacillus fusiformis	364	PF02624	83..328
A0ACG7V9Q3	unreviewed	YcaO domain-containing protein	28031	Lysinibacillus fusiformis	346	PF02624	106..214
A0ACG9AM40	unreviewed	YcaO domain-containing protein	28031	Lysinibacillus fusiformis	557	PF02624	178..515
A0ACH1EC23	unreviewed	YcaO domain-containing protein	1366047	Geobacillus stearothermophilus ATCC 12980	382	PF02624	113..291
A0ACH1EC56	unreviewed	YcaO domain-containing protein	1366047	Geobacillus stearothermophilus ATCC 12980	344	PF02624	81..248
A0ACH4CFV1	unreviewed	YcaO domain-containing protein	1465	Brevibacillus laterosporus	647	PF02624	264..602
A0ACH4DW17	unreviewed	YcaO domain-containing protein	3160967	Bacillus haimaensis	646	PF02624	263..601
A0ACN3MGS4	unreviewed	TOMM leader peptide-binding protein	450367	Peribacillus frigoritolerans	647	PF02624	264..602
A0ACN4I268	unreviewed	Uncharacterized protein	2568007	Lactococcus kimchii	345	PF02624	98..232
A7GMD1	unreviewed	YcaO domain-containing protein	315749	Bacillus cytotoxicus (strain DSM 22905 / CIP 110041 / 391-98 / NVH 391-98)	650	PF02624	267..605
A7Z2A6	unreviewed	YcaO domain-containing protein	326423	Bacillus velezensis (strain DSM 23117 / BGSC 10A6 / LMG 26770 / FZB42)	448	PF02624	66..404
C0M9K2	unreviewed	YcaO domain-containing protein	553482	Streptococcus equi subsp. equi (strain 4047)	452	PF02624	69..421
C0MDP8	unreviewed	YcaO domain-containing protein	553483	Streptococcus equi subsp. zooepidemicus (strain H70)	452	PF02624	69..421
C0ZD21	unreviewed	YcaO domain-containing protein	358681	Brevibacillus brevis (strain 47 / JCM 6285 / NBRC 100599)	646	PF02624	263..601
C5RBU2	unreviewed	YcaO domain-containing protein	585506	Weissella paramesenteroides ATCC 33313	378	PF02624	104..350
D3G1P2	unreviewed	YcaO domain-containing protein	398511	Alkalihalophilus pseudofirmus (strain ATCC BAA-2126 / JCM 17055 / OF4)	416	PF02624	56..382
D5DU93	unreviewed	YcaO domain-containing protein	545693	Priestia megaterium (strain ATCC 12872 / QMB1551)	646	PF02624	263..601
F9P4B1	unreviewed	YcaO domain-containing protein	1035184	Streptococcus constellatus subsp. pharyngis SK1060 = CCUG 46377	452	PF02624	69..421
G5K156	unreviewed	YcaO domain-containing protein	764299	Streptococcus ictaluri 707-05	452	PF02624	69..421
G5K9G8	unreviewed	YcaO domain-containing protein	875093	Streptococcus pseudoporcinus LQ 940-04	452	PF02624	69..421
G9WII0	unreviewed	YcaO domain-containing protein	1045004	Oenococcus kitaharae DSM 17330	459	PF02624	68..428
H3SDN0	unreviewed	YcaO domain-containing protein	1131935	Paenibacillus dendritiformis C454	649	PF02624	266..604
H3SIB5	unreviewed	YcaO domain-containing protein	1131935	Paenibacillus dendritiformis C454	645	PF02624	262..600
H6NNG6	unreviewed	YcaO domain-containing protein	1116391	Paenibacillus mucilaginosus 3016	647	PF02624	264..602
I0JLK1	unreviewed	YcaO domain-containing protein	866895	Halobacillus halophilus (strain ATCC 35676 / DSM 2266 / JCM 20832 / KCTC 3685 / LMG 17431 / NBRC 102448 / NCIMB 2269)	648	PF02624	264..603
I0SDF3	unreviewed	YcaO domain-containing protein	1095729	Streptococcus anginosus subsp. whileyi CCUG 39159	452	PF02624	69..421
I3DVS6	unreviewed	YcaO domain-containing protein	997296	Bacillus methanolicus PB1	648	PF02624	264..603
I3E903	unreviewed	YcaO domain-containing protein	796606	Bacillus methanolicus (strain MGA3 / ATCC 53907)	648	PF02624	264..603
K6CFU3	unreviewed	YcaO domain-containing protein	1131731	Schinkia azotoformans LMG 9581	646	PF02624	263..601
K6DW91	unreviewed	YcaO domain-containing protein	1117379	Neobacillus bataviensis LMG 21833	645	PF02624	263..600
L7P6E5	unreviewed	YcaO domain-containing protein	1328	Streptococcus anginosus	452	PF02624	69..421
M9LC22	unreviewed	YcaO domain-containing protein	1212764	Paenibacillus popilliae ATCC 14706	645	PF02624	262..600
M9LXD8	unreviewed	YcaO domain-containing protein	1212764	Paenibacillus popilliae ATCC 14706	184	PF02624	42..130
Q1G7X1	unreviewed	YcaO domain-containing protein	390333	Lactobacillus delbrueckii subsp. bulgaricus (strain ATCC 11842 / DSM 20081 / BCRC 10696 / JCM 1002 / NBRC 13953 / NCIMB 11778 / NCTC 12712 / WDCM 00102 / Lb 14)	321	PF02624	70..290
Q65LW2	unreviewed	YcaO domain-containing protein	279010	Bacillus licheniformis (strain ATCC 14580 / DSM 13 / JCM 2505 / CCUG 7422 / NBRC 12200 / NCIMB 9375 / NCTC 10341 / NRRL NRS-1264 / Gibson 46)	644	PF02624	261..599
Q812K0	unreviewed	YcaO domain-containing protein	226900	Bacillus cereus (strain ATCC 14579 / DSM 31 / CCUG 7414 / JCM 2152 / NBRC 15305 / NCIMB 9373 / NCTC 2599 / NRRL B-3711)	417	PF02624	56..376
Q812K3	unreviewed	YcaO domain-containing protein	226900	Bacillus cereus (strain ATCC 14579 / DSM 31 / CCUG 7414 / JCM 2152 / NBRC 15305 / NCIMB 9373 / NCTC 2599 / NRRL B-3711)	547	PF02624	161..501
Q813U7	unreviewed	YcaO domain-containing protein	226900	Bacillus cereus (strain ATCC 14579 / DSM 31 / CCUG 7414 / JCM 2152 / NBRC 15305 / NCIMB 9373 / NCTC 2599 / NRRL B-3711)	644	PF02624	261..599
Q8GP15	unreviewed	YcaO domain-containing protein	1346	Streptococcus iniae	453	PF02624	69..422
Q9A0K3	unreviewed	YcaO domain-containing protein	301447	Streptococcus pyogenes serotype M1	452	PF02624	69..421
R3W6X4	unreviewed	YcaO domain-containing protein	1158612	Enterococcus caccae ATCC BAA-1240	437	PF02624	69..406
R3WRT6	unreviewed	YcaO domain-containing protein	1158612	Enterococcus caccae ATCC BAA-1240	327	PF02624	97..208
R3WT32	unreviewed	YcaO domain-containing protein	1158612	Enterococcus caccae ATCC BAA-1240	349	PF02624	97..265
U1WQ44	unreviewed	YcaO domain-containing protein	649747	Aneurinibacillus aneurinilyticus ATCC 12856	647	PF02624	264..602
V6MCE6	unreviewed	YcaO domain-containing protein	1408254	Brevibacillus panacihumi W25	647	PF02624	263..602
W8GLF4	unreviewed	YcaO domain-containing protein	1642	Listeria innocua	437	PF02624	69..406
